Players,Embeddings
"Buffon
 (GK)",[1. 0. 0. 0. 0. 0. 0. 0. 0.]
Pogba,"[0.85757576 0.06493506 0.06818182 0.09090909 0.06060606 0.01604278
 0.04545455 0.27272727 0.02597403]"
Marchisio,"[0.58641975 0.02380952 0.04166667 0.         0.         0.00980392
 0.03888889 0.05555556 0.        ]"
Morata,"[0.46166667 0.04285714 0.0625     0.3        0.03333333 0.00588235
 0.01       0.09285714 0.04285714]"
Tévez,"[0.97777778 0.04081633 0.07142857 0.42857143 0.14285714 0.
 0.         0.04081633 0.        ]"
Barzagli,"[0.63765432 0.         0.         0.         0.         0.
 0.1        0.04761905 0.        ]"
Bonucci,"[1.         0.01879699 0.05263158 0.         0.         0.00309598
 0.13684211 0.07518797 0.        ]"
Pirlo,"[0.85185185 0.         0.         0.         0.         0.
 0.         0.         0.        ]"
Vidal,"[0.82948718 0.11813187 0.16346154 0.19230769 0.02564103 0.01131222
 0.13461538 0.25274725 0.00549451]"
Lichtsteiner,"[0.57602339 0.0112782  0.02631579 0.         0.03508772 0.02786378
 0.01052632 0.06766917 0.        ]"
Evra,"[0.99753086 0.         0.         0.         0.         0.00653595
 0.04444444 0.01587302 0.        ]"
"Storari
 (GK)",[0. 0. 0. 0. 0. 0. 0. 0. 0.]
Ogbonna,[0. 0. 0. 0. 0. 0. 0. 0. 0.]
Coman,"[0.23125    0.05357143 0.078125   0.125      0.02083333 0.06617647
 0.01875    0.0625     0.00892857]"
Llorente,"[0.17291667 0.04910714 0.0625     0.125      0.         0.
 0.         0.04464286 0.01785714]"
Padoin,"[0.00793651 0.         0.         0.         0.         0.
 0.         0.         0.        ]"
Sturaro,"[0.14555556 0.02142857 0.05       0.1        0.         0.00588235
 0.01       0.01428571 0.        ]"
Pereyra,"[0.32098765 0.         0.         0.         0.03703704 0.
 0.01111111 0.03174603 0.        ]"
Massimiliano Allegri,[0. 0. 0. 0. 0. 0. 0. 0. 0.]
"Ter Stegen
 (GK)",[1.    0.    0.    0.    0.    0.    0.004 0.    0.   ]
Piqué,"[1.         0.02083333 0.03125    0.08333333 0.         0.
 0.10416667 0.08333333 0.01190476]"
Rakitić,"[0.88755556 0.05142857 0.02       0.08       0.01333333 0.05647059
 0.084      0.14285714 0.        ]"
Sergio Busquets,"[0.95024155 0.01552795 0.01086957 0.         0.         0.00255754
 0.10869565 0.13664596 0.        ]"
Iniesta,"[0.86725146 0.05639098 0.02631579 0.         0.05263158 0.04024768
 0.05789474 0.09022556 0.        ]"
Luis Suárez,"[0.97377778 0.12285714 0.19       0.32       0.10666667 0.03058824
 0.028      0.13714286 0.08571429]"
Messi,"[1.         0.24571429 0.3        0.36       0.09333333 0.08705882
 0.02       0.06285714 0.01714286]"
Neymar,"[0.99305556 0.125      0.171875   0.4375     0.04166667 0.20588235
 0.025      0.14285714 0.00892857]"
Mascherano,"[0.93730159 0.02040816 0.01785714 0.         0.02380952 0.00840336
 0.13571429 0.06122449 0.        ]"
Jordi Alba,"[0.92       0.02285714 0.03       0.         0.05333333 0.07764706
 0.092      0.06285714 0.00571429]"
Dani Alves,"[0.93968254 0.03401361 0.02380952 0.0952381  0.0952381  0.17927171
 0.12857143 0.21088435 0.02040816]"
"Bravo
 (GK)","[0.05882353 0.         0.         0.         0.         0.
 0.00588235 0.         0.        ]"
Xavi Hernández,"[0.18412698 0.         0.         0.         0.         0.
 0.         0.         0.        ]"
Pedro Rodríguez,"[0.34848485 0.         0.         0.         0.03030303 0.
 0.01818182 0.         0.        ]"
Rafinha,"[0.46444444 0.01020408 0.01428571 0.         0.01904762 0.02521008
 0.05428571 0.04489796 0.00408163]"
Bartra,"[0.18282828 0.01948052 0.         0.         0.         0.00534759
 0.02727273 0.05194805 0.        ]"
Adriano,"[0.11919192 0.         0.         0.         0.         0.01604278
 0.         0.02597403 0.        ]"
Mathieu,"[0.35185185 0.00793651 0.         0.         0.         0.0130719
 0.         0.01587302 0.        ]"
Luis Enrique,[0. 0. 0. 0. 0. 0. 0. 0. 0.]
"Casillas
 (GK)","[0.92857143 0.         0.         0.         0.         0.
 0.00714286 0.         0.        ]"
Varane,"[0.82608696 0.03416149 0.0326087  0.         0.02898551 0.03836317
 0.12608696 0.06832298 0.        ]"
Ramos,"[0.92921811 0.05291005 0.05555556 0.07407407 0.01234568 0.0043573
 0.18148148 0.11111111 0.01058201]"
Ronaldo,"[0.99962963 0.31428571 0.36666667 0.6        0.06666667 0.06666667
 0.02333333 0.08095238 0.1047619 ]"
Kroos,"[0.93448276 0.0591133  0.06896552 0.03448276 0.04597701 0.23123732
 0.09310345 0.09359606 0.01477833]"
Benzema,"[0.77066667 0.14       0.23       0.2        0.01333333 0.02823529
 0.024      0.06285714 0.08571429]"
James Rodríguez,"[0.57688889 0.06285714 0.08       0.08       0.02666667 0.16470588
 0.036      0.04571429 0.02285714]"
Bale,"[0.65120773 0.12111801 0.16304348 0.04347826 0.01449275 0.07161125
 0.05217391 0.04968944 0.06832298]"
Marcelo,"[0.91185185 0.05952381 0.03333333 0.13333333 0.06666667 0.13921569
 0.12666667 0.07619048 0.01904762]"
Carvajal,"[0.844      0.01714286 0.02       0.         0.08       0.07058824
 0.084      0.10857143 0.        ]"
Isco,"[0.5491453  0.0467033  0.06730769 0.03846154 0.01282051 0.04298643
 0.01923077 0.04945055 0.03846154]"
"Navas
 (GK)","[0.72413793 0.         0.         0.         0.         0.
 0.01034483 0.         0.        ]"
Pepe,"[0.72910053 0.0170068  0.01190476 0.         0.         0.00280112
 0.07619048 0.07482993 0.01360544]"
Fábio Coentrão,"[0.41111111 0.         0.         0.         0.         0.
 0.         0.         0.        ]"
Hernández,"[0.40277778 0.03214286 0.025      0.05       0.         0.00882353
 0.045      0.05714286 0.        ]"
Arbeloa,"[0.18148148 0.         0.         0.         0.         0.
 0.         0.         0.        ]"
Jesé,"[0.15726496 0.03296703 0.03846154 0.07692308 0.         0.00904977
 0.01538462 0.05494505 0.        ]"
Illarramendi,"[0.00925926 0.         0.         0.         0.         0.
 0.         0.         0.        ]"
Carlo Ancelotti,[0. 0. 0. 0. 0. 0. 0. 0. 0.]
Chiellini,"[0.94736842 0.01503759 0.02631579 0.05263158 0.         0.01857585
 0.11578947 0.12781955 0.        ]"
"Neuer
 (GK)",[1. 0. 0. 0. 0. 0. 0. 0. 0.]
Xabi Alonso,"[0.80222222 0.01428571 0.05       0.13333333 0.02222222 0.08627451
 0.04666667 0.07619048 0.        ]"
Benatia,"[0.41555556 0.01904762 0.01666667 0.06666667 0.         0.
 0.08666667 0.08571429 0.        ]"
Thiago Alcántara,"[0.86666667 0.04761905 0.07142857 0.28571429 0.04761905 0.04481793
 0.11904762 0.10884354 0.01360544]"
Lewandowski,"[0.90338164 0.16149068 0.2173913  0.39130435 0.02898551 0.02813299
 0.03913043 0.18012422 0.09937888]"
Boateng,"[0.89861111 0.01785714 0.         0.125      0.04166667 0.00735294
 0.04375    0.04464286 0.        ]"
Bernat,"[0.68148148 0.03061224 0.04761905 0.04761905 0.03174603 0.03921569
 0.01904762 0.04761905 0.        ]"
Lahm,"[0.91111111 0.01530612 0.         0.         0.02380952 0.11344538
 0.09285714 0.06122449 0.        ]"
Müller,"[0.81060606 0.10714286 0.15909091 0.36363636 0.07575758 0.10427807
 0.03636364 0.11688312 0.03246753]"
Schweinsteiger,"[0.79333333 0.         0.         0.         0.2        0.
 0.         0.         0.        ]"
"Reina
 (GK)",[0.25 0.   0.   0.   0.   0.   0.   0.   0.  ]
Dante,"[0.52555556 0.01428571 0.025      0.         0.         0.00588235
 0.08       0.02857143 0.01428571]"
Javi Martínez,"[0.82352941 0.06302521 0.08823529 0.         0.01960784 0.00692042
 0.17058824 0.17647059 0.00840336]"
Pizarro,"[0.11481481 0.         0.         0.         0.03703704 0.
 0.         0.04761905 0.        ]"
Götze,"[0.4015873  0.02040816 0.01785714 0.07142857 0.         0.00840336
 0.00714286 0.02040816 0.        ]"
Rode,"[0.20138889 0.         0.         0.         0.         0.
 0.         0.         0.        ]"
Weiser,"[0.00888889 0.         0.         0.         0.         0.
 0.         0.         0.        ]"
Josep Guardiola,[0. 0. 0. 0. 0. 0. 0. 0. 0.]
Vermaelen,[0. 0. 0. 0. 0. 0. 0. 0. 0.]
Gaudino,[0. 0. 0. 0. 0. 0. 0. 0. 0.]
Matri,"[0.05277778 0.         0.         0.         0.         0.
 0.         0.         0.        ]"
Lucas Silva,"[0.33333333 0.         0.         0.         0.         0.
 0.         0.         0.        ]"
Khedira,"[0.6379085  0.04621849 0.01470588 0.         0.03921569 0.01384083
 0.08235294 0.07563025 0.00840336]"
Nacho,"[0.3251462  0.01503759 0.         0.         0.         0.0123839
 0.08947368 0.04511278 0.        ]"
"Oblak
 (GK)","[0.84210526 0.         0.         0.         0.         0.
 0.01052632 0.         0.        ]"
Godín,"[0.99930556 0.03571429 0.0625     0.0625     0.         0.
 0.19375    0.10714286 0.00892857]"
Tiago,"[0.32592593 0.         0.         0.         0.         0.
 0.         0.         0.        ]"
Koke,"[0.92716049 0.07936508 0.06944444 0.         0.03703704 0.20915033
 0.12222222 0.15873016 0.        ]"
Griezmann,"[0.95789474 0.15037594 0.30263158 0.26315789 0.         0.0495356
 0.09473684 0.10526316 0.03007519]"
Mandžukić,"[0.88187135 0.07142857 0.17105263 0.15789474 0.01754386 0.03095975
 0.07368421 0.16541353 0.03007519]"
Arda Turan,"[0.5625     0.01785714 0.         0.         0.         0.03676471
 0.0125     0.01785714 0.        ]"
Saúl Ñíguez,"[0.85493827 0.04365079 0.06944444 0.22222222 0.         0.00653595
 0.05555556 0.07142857 0.00793651]"
Gámez,"[0.28641975 0.         0.         0.         0.         0.
 0.         0.         0.        ]"
Juanfran,"[0.91319444 0.00892857 0.         0.         0.02083333 0.10661765
 0.125      0.13392857 0.        ]"
Miranda,[1. 0. 0. 0. 0. 0. 0. 0. 0.]
"Moyà
 (GK)",[0.1875 0.     0.     0.     0.     0.     0.     0.     0.    ]
Siqueira,"[0.47407407 0.         0.         0.         0.         0.
 0.         0.         0.        ]"
Raúl García,"[0.36111111 0.         0.         0.         0.         0.
 0.         0.         0.        ]"
Jiménez,"[0.25416667 0.02678571 0.09375    0.125      0.         0.01470588
 0.0125     0.07142857 0.        ]"
Gabi,"[0.90555556 0.04910714 0.046875   0.         0.02083333 0.07352941
 0.15625    0.11607143 0.        ]"
Torres,"[0.45833333 0.08035714 0.109375   0.125      0.02083333 0.01470588
 0.00625    0.14285714 0.03571429]"
Giménez,"[0.60416667 0.02232143 0.03125    0.0625     0.         0.
 0.20625    0.08035714 0.        ]"
Diego Simeone,[0. 0. 0. 0. 0. 0. 0. 0. 0.]
"Subašić
 (GK)",[1. 0. 0. 0. 0. 0. 0. 0. 0.]
Fabinho,"[0.99097222 0.03571429 0.015625   0.0625     0.04166667 0.01838235
 0.125      0.23214286 0.        ]"
Kurzawa,"[0.42407407 0.         0.         0.         0.05555556 0.01960784
 0.05       0.03571429 0.        ]"
Abdennour,[1. 0. 0. 0. 0. 0. 0. 0. 0.]
João Moutinho,"[1.         0.02857143 0.         0.         0.06666667 0.08823529
 0.06       0.08571429 0.        ]"
Bernardo Silva,"[0.75816993 0.06722689 0.07352941 0.17647059 0.05882353 0.05190311
 0.08235294 0.1092437  0.00840336]"
Carrasco,"[0.70518519 0.02857143 0.01666667 0.13333333 0.         0.05490196
 0.01333333 0.01904762 0.03809524]"
Kondogbia,[1.   0.   0.   0.25 0.   0.   0.   0.   0.  ]
Martial,"[0.57160494 0.00793651 0.         0.         0.03703704 0.0130719
 0.         0.         0.        ]"
Raggi,"[0.69583333 0.00892857 0.         0.         0.         0.02205882
 0.0875     0.05357143 0.        ]"
Toulalan,"[0.75555556 0.         0.         0.         0.         0.
 0.         0.         0.        ]"
"Stekelenburg
 (GK)",[0. 0. 0. 0. 0. 0. 0. 0. 0.]
Dirar,"[0.82592593 0.         0.         0.         0.         0.06535948
 0.         0.07936508 0.        ]"
Berbatov,"[0.58055556 0.         0.         0.25       0.         0.
 0.         0.         0.        ]"
Matheus Carvalho,"[0.01666667 0.         0.         0.         0.         0.
 0.         0.         0.        ]"
Wallace,[0.5 0.  0.  0.  0.  0.  0.  0.  0. ]
Germain,"[0.22777778 0.02678571 0.0625     0.125      0.         0.00735294
 0.         0.07142857 0.        ]"
Elderson,"[0.26111111 0.         0.         0.         0.         0.
 0.         0.         0.        ]"
Leonardo Jardim,[0. 0. 0. 0. 0. 0. 0. 0. 0.]
Sergi Roberto,"[0.61005291 0.02721088 0.04761905 0.04761905 0.         0.0280112
 0.05238095 0.0952381  0.01360544]"
"Sirigu
 (GK)",[0.5 0.  0.  0.  0.  0.  0.  0.  0. ]
Cabaye,"[0.86666667 0.         0.         0.         0.         0.
 0.         0.         0.        ]"
Marquinhos,"[0.92857143 0.01530612 0.         0.         0.         0.02941176
 0.12142857 0.10204082 0.01020408]"
Cavani,"[0.76068376 0.0989011  0.15384615 0.38461538 0.         0.00452489
 0.03076923 0.08791209 0.06593407]"
Ibrahimović,"[1.         0.1122449  0.17857143 0.42857143 0.04761905 0.05042017
 0.         0.06122449 0.08163265]"
Matuidi,"[0.89513889 0.02232143 0.03125    0.0625     0.02083333 0.05882353
 0.10625    0.16071429 0.01785714]"
Maxwell,"[0.88888889 0.         0.         0.         0.         0.04575163
 0.06666667 0.         0.01587302]"
Van der Wiel,"[0.53472222 0.         0.         0.         0.         0.03676471
 0.0125     0.03571429 0.        ]"
Verratti,"[0.94       0.00714286 0.025      0.         0.03333333 0.01176471
 0.06       0.18571429 0.        ]"
Pastore,"[0.2712963  0.00595238 0.         0.         0.         0.00490196
 0.         0.         0.        ]"
David Luiz,"[0.96666667 0.         0.         0.14285714 0.         0.00840336
 0.18571429 0.06122449 0.        ]"
"Douchez
 (GK)",[0. 0. 0. 0. 0. 0. 0. 0. 0.]
Camara,[0. 0. 0. 0. 0. 0. 0. 0. 0.]
Moura,"[0.4869281  0.07983193 0.10294118 0.05882353 0.         0.05190311
 0.02352941 0.08403361 0.02521008]"
Bahebeck,[0. 0. 0. 0. 0. 0. 0. 0. 0.]
Digne,"[0.16666667 0.         0.         0.         0.         0.02941176
 0.04166667 0.04761905 0.        ]"
Lavezzi,"[0.52777778 0.         0.         0.         0.08333333 0.
 0.         0.         0.        ]"
Rabiot,"[0.65833333 0.0297619  0.08333333 0.25       0.         0.01960784
 0.08333333 0.22619048 0.        ]"
Laurent Blanc,[0. 0. 0. 0. 0. 0. 0. 0. 0.]
Badstuber,"[0.53611111 0.         0.         0.25       0.08333333 0.
 0.         0.         0.        ]"
"Fabiano
 (GK)",[1. 0. 0. 0. 0. 0. 0. 0. 0.]
Martins Indi,"[0.68888889 0.         0.         0.         0.         0.
 0.         0.         0.        ]"
Maicon,[1. 0. 0. 0. 0. 0. 0. 0. 0.]
Marcano,"[0.85694444 0.01785714 0.03125    0.         0.         0.00735294
 0.075      0.03571429 0.        ]"
Casemiro,"[0.89487179 0.0467033  0.05769231 0.15384615 0.02564103 0.00452489
 0.18076923 0.15934066 0.00549451]"
Quaresma,"[0.64814815 0.07142857 0.08333333 0.16666667 0.         0.1372549
 0.01666667 0.02380952 0.        ]"
Brahimi,"[0.63148148 0.0297619  0.04166667 0.08333333 0.02777778 0.0245098
 0.04166667 0.04761905 0.01190476]"
Martínez,"[1.         0.         0.         0.66666667 0.         0.
 0.         0.         0.        ]"
Reyes,"[0.59166667 0.         0.         0.         0.         0.
 0.1        0.03571429 0.03571429]"
Herrera,"[0.84907407 0.05952381 0.04166667 0.08333333 0.         0.01470588
 0.08333333 0.14285714 0.        ]"
Óliver Torres,"[0.47521368 0.02197802 0.         0.         0.         0.
 0.03076923 0.02197802 0.        ]"
"Helton
 (GK)",[0. 0. 0. 0. 0. 0. 0. 0. 0.]
Quintero,[0.025 0.    0.    0.    0.    0.    0.    0.    0.   ]
Evandro,"[0.3        0.         0.         0.         0.08333333 0.
 0.         0.         0.        ]"
Hernâni,"[0.09333333 0.01428571 0.         0.         0.         0.04705882
 0.         0.         0.        ]"
Ricardo,"[0.62592593 0.02380952 0.         0.         0.         0.05882353
 0.03333333 0.04761905 0.        ]"
Rúben Neves,"[0.29259259 0.01190476 0.         0.         0.         0.
 0.03333333 0.04761905 0.        ]"
Aboubakar,"[0.37777778 0.01428571 0.         0.2        0.         0.
 0.         0.02857143 0.02857143]"
Julen Lopetegui,[0. 0. 0. 0. 0. 0. 0. 0. 0.]
Danilo,"[0.52777778 0.02747253 0.00961538 0.03846154 0.         0.02262443
 0.08846154 0.07142857 0.        ]"
Alex Sandro,"[1.         0.02380952 0.02777778 0.         0.03703704 0.16339869
 0.07777778 0.26190476 0.        ]"
"Lucic
 (GK)",[0. 0. 0. 0. 0. 0. 0. 0. 0.]
Thiago Silva,"[0.85277778 0.02380952 0.02083333 0.08333333 0.         0.00490196
 0.10833333 0.0952381  0.        ]"
Kimpembe,"[0.44444444 0.02380952 0.05555556 0.11111111 0.         0.00653595
 0.02222222 0.06349206 0.        ]"
Montoya,"[0.88888889 0.         0.         0.         0.         0.
 0.         0.         0.        ]"
Ricardo Carvalho,[0.5 0.  0.  0.  0.  0.  0.  0.  0. ]
Mario Suárez,"[0.66666667 0.         0.         0.33333333 0.         0.
 0.         0.         0.        ]"
Modrić,"[0.90088889 0.05142857 0.04       0.         0.02666667 0.04705882
 0.168      0.09714286 0.        ]"
"Weidenfeller
 (GK)","[0.33333333 0.         0.         0.         0.         0.
 0.         0.         0.        ]"
Subotić,[1. 0. 0. 0. 0. 0. 0. 0. 0.]
S. Bender,"[0.4037037  0.         0.         0.         0.         0.
 0.03333333 0.04761905 0.        ]"
Gündoğan,"[0.85444444 0.1        0.125      0.1        0.         0.05294118
 0.1        0.02857143 0.        ]"
Mkhitaryan,[0.85 0.   0.   0.   0.   0.   0.   0.   0.  ]
Reus,"[0.94666667 0.14285714 0.3        0.4        0.         0.11764706
 0.06       0.02857143 0.08571429]"
Hummels,"[0.96239316 0.08791209 0.05769231 0.         0.         0.00452489
 0.11538462 0.10989011 0.01098901]"
Aubameyang,"[0.94074074 0.1547619  0.25       0.16666667 0.         0.01960784
 0.01666667 0.02380952 0.21428571]"
Kampl,"[1.         0.16666667 0.16666667 0.         0.         0.05882353
 0.1        0.0952381  0.        ]"
Papastathopoulos,"[0.91481481 0.         0.         0.         0.         0.
 0.16666667 0.0952381  0.        ]"
Schmelzer,"[0.58194444 0.01785714 0.03125    0.         0.04166667 0.08823529
 0.05       0.07142857 0.01785714]"
"Langerak
 (GK)",[0. 0. 0. 0. 0. 0. 0. 0. 0.]
Kehl,[0. 0. 0. 0. 0. 0. 0. 0. 0.]
Kagawa,"[0.35       0.03571429 0.08333333 0.16666667 0.05555556 0.
 0.01666667 0.07142857 0.        ]"
Immobile,"[0.42222222 0.         0.         0.         0.         0.
 0.         0.         0.        ]"
Błaszczykowski,"[0.22777778 0.         0.         0.         0.         0.
 0.         0.         0.        ]"
Kirch,"[0.48888889 0.         0.         0.         0.         0.
 0.         0.         0.        ]"
Jürgen Klopp,[0. 0. 0. 0. 0. 0. 0. 0. 0.]
"Hart
 (GK)",[1. 0. 0. 0. 0. 0. 0. 0. 0.]
Sagna,"[0.9037037  0.         0.         0.         0.         0.04575163
 0.07777778 0.0952381  0.        ]"
Kompany,"[0.61759259 0.00595238 0.         0.         0.         0.
 0.10833333 0.04761905 0.        ]"
Milner,"[0.89097222 0.05357143 0.046875   0.         0.10416667 0.16544118
 0.1        0.20535714 0.        ]"
Nasri,"[0.8        0.03571429 0.0625     0.         0.         0.11764706
 0.         0.10714286 0.        ]"
Kolarov,"[0.625      0.04910714 0.03125    0.         0.02083333 0.25735294
 0.05625    0.09821429 0.00892857]"
Agüero,"[0.85555556 0.14285714 0.17647059 0.41176471 0.05882353 0.02422145
 0.01176471 0.11764706 0.07563025]"
David Silva,"[0.83402778 0.04017857 0.03125    0.0625     0.0625     0.125
 0.05625    0.125      0.03571429]"
Fernandinho,"[0.89375    0.04910714 0.015625   0.0625     0.0625     0.01102941
 0.16875    0.30357143 0.00892857]"
Demichelis,"[0.54666667 0.         0.         0.         0.         0.
 0.06       0.02857143 0.        ]"
Touré,"[0.59037037 0.04761905 0.08333333 0.06666667 0.04444444 0.03921569
 0.03333333 0.06666667 0.        ]"
"Caballero
 (GK)","[0.16666667 0.         0.         0.         0.         0.
 0.         0.         0.        ]"
Zabaleta,"[0.25679012 0.         0.         0.         0.         0.
 0.04444444 0.         0.        ]"
Fernando,"[0.61925926 0.03333333 0.01666667 0.         0.02222222 0.00392157
 0.10666667 0.21904762 0.        ]"
Džeko,"[0.89537037 0.2202381  0.22916667 0.41666667 0.08333333 0.03431373
 0.         0.13095238 0.08333333]"
Bony,"[0.07777778 0.         0.         0.         0.         0.
 0.         0.         0.        ]"
Jesús Navas,"[0.67685185 0.0297619  0.         0.         0.         0.13235294
 0.075      0.05952381 0.01190476]"
Lampard,"[0.01666667 0.         0.         0.         0.         0.
 0.         0.         0.        ]"
Manuel Pellegrini,[0. 0. 0. 0. 0. 0. 0. 0. 0.]
Cani,"[0.25555556 0.         0.         0.         0.         0.
 0.         0.         0.        ]"
Ansaldi,[0. 0. 0. 0. 0. 0. 0. 0. 0.]
"Leno
 (GK)",[1. 0. 0. 0. 0. 0. 0. 0. 0.]
Spahić,[1. 0. 0. 0. 0. 0. 0. 0. 0.]
Son,"[0.87222222 0.21428571 0.35       0.4        0.         0.02941176
 0.04       0.12857143 0.08571429]"
L. Bender,[0.4 0.  0.  0.  0.  0.  0.  0.  0. ]
Drmic,"[0.82777778 0.         0.         0.         0.         0.
 0.         0.         0.        ]"
Hakan Çalhanoğlu,"[0.98333333 0.         0.         0.5        0.         0.
 0.         0.         0.        ]"
Hilbert,"[1.         0.         0.         0.         0.         0.01960784
 0.1        0.04761905 0.        ]"
Wendell,"[1.         0.01785714 0.         0.         0.         0.13235294
 0.05       0.03571429 0.        ]"
Ömer Toprak,"[1.         0.         0.         0.         0.         0.01960784
 0.06666667 0.         0.        ]"
Castro,"[0.61777778 0.01428571 0.         0.         0.         0.04705882
 0.02       0.02857143 0.        ]"
Bellarabi,"[0.93333333 0.05357143 0.1875     0.25       0.         0.08823529
 0.05       0.25       0.03571429]"
"Krešić
 (GK)",[0. 0. 0. 0. 0. 0. 0. 0. 0.]
Reinartz,[0. 0. 0. 0. 0. 0. 0. 0. 0.]
Rolfes,"[0.19444444 0.         0.         0.         0.         0.
 0.         0.         0.        ]"
Kiessling,"[0.17222222 0.         0.         0.         0.         0.
 0.         0.         0.        ]"
Papadopoulos,"[0.52222222 0.         0.         0.         0.         0.
 0.         0.         0.        ]"
Boenisch,[0. 0. 0. 0. 0. 0. 0. 0. 0.]
Brandt,"[0.46666667 0.05357143 0.0625     0.         0.         0.07352941
 0.025      0.         0.        ]"
Roger Schmidt,[0. 0. 0. 0. 0. 0. 0. 0. 0.]
"Ospina
 (GK)","[0.83333333 0.         0.         0.         0.         0.
 0.         0.         0.        ]"
Mertesacker,[0.75 0.   0.   0.   0.   0.   0.05 0.   0.  ]
Koscielny,"[0.92407407 0.         0.         0.         0.         0.
 0.26666667 0.07142857 0.        ]"
Özil,"[1.         0.03571429 0.08333333 0.         0.         0.08823529
 0.05       0.02380952 0.        ]"
Giroud,"[0.65       0.07142857 0.0625     0.125      0.04166667 0.
 0.0125     0.10714286 0.08928571]"
Alexis Sánchez,"[0.77444444 0.05       0.1        0.1        0.         0.02941176
 0.05       0.12857143 0.04285714]"
Monreal,"[0.82037037 0.         0.         0.         0.         0.04901961
 0.11666667 0.0952381  0.        ]"
Santi Cazorla,"[0.95555556 0.         0.         0.         0.         0.
 0.         0.         0.        ]"
Welbeck,"[0.76222222 0.07142857 0.         0.         0.         0.
 0.02       0.02857143 0.        ]"
Coquelin,"[0.6537037  0.         0.         0.         0.         0.00980392
 0.1        0.0952381  0.        ]"
Bellerín,"[1.         0.03571429 0.04166667 0.         0.         0.08823529
 0.16666667 0.04761905 0.        ]"
"Szczęsny
 (GK)",[0.5 0.  0.  0.  0.  0.  0.  0.  0. ]
Gibbs,"[0.51296296 0.         0.         0.         0.         0.
 0.01666667 0.02380952 0.        ]"
Gabriel,[0.6  0.   0.   0.   0.   0.   0.14 0.   0.  ]
Walcott,"[0.52777778 0.07142857 0.04166667 0.16666667 0.         0.03921569
 0.1        0.02380952 0.04761905]"
Ramsey,"[0.7        0.0952381  0.08333333 0.33333333 0.         0.01960784
 0.06666667 0.0952381  0.        ]"
Flamini,"[0.1962963  0.02380952 0.         0.         0.         0.
 0.1        0.14285714 0.        ]"
Chambers,[0. 0. 0. 0. 0. 0. 0. 0. 0.]
Arsène Wenger,[0. 0. 0. 0. 0. 0. 0. 0. 0.]
Ribéry,"[0.72982456 0.09022556 0.09210526 0.05263158 0.01754386 0.19814241
 0.05789474 0.09774436 0.03007519]"
Robben,"[0.82424242 0.15584416 0.20454545 0.27272727 0.         0.15508021
 0.01818182 0.03896104 0.03896104]"
Alaba,"[1.         0.09243697 0.07352941 0.         0.03921569 0.15570934
 0.14117647 0.05042017 0.01680672]"
"Pyatov
 (GK)",[1.    0.    0.    0.    0.    0.    0.025 0.    0.   ]
Kucher,[1. 0. 0. 0. 0. 0. 0. 0. 0.]
Stepanenko,"[0.94074074 0.04761905 0.08333333 0.         0.         0.
 0.1        0.19047619 0.        ]"
Fred,"[0.875      0.0625     0.0625     0.125      0.         0.
 0.075      0.16071429 0.        ]"
Luiz Adriano,"[0.99444444 0.         0.         0.         0.         0.
 0.         0.         0.        ]"
Shevchuk,[1. 0. 0. 0. 0. 0. 0. 0. 0.]
Douglas Costa,"[0.76405229 0.09243697 0.05882353 0.05882353 0.05882353 0.25259516
 0.06470588 0.15966387 0.01680672]"
Taison,"[0.75833333 0.05357143 0.125      0.         0.         0.02941176
 0.025      0.03571429 0.        ]"
Alex Teixeira,"[0.88888889 0.         0.         0.         0.         0.
 0.         0.         0.        ]"
Srna,[1. 0. 0. 0. 0. 0. 0. 0. 0.]
Rakits'kyy,"[1.         0.         0.         0.         0.08333333 0.01470588
 0.075      0.         0.        ]"
"Kanibolotskiy
 (GK)",[0. 0. 0. 0. 0. 0. 0. 0. 0.]
Wellington Nem,"[0.09444444 0.         0.         0.         0.         0.
 0.         0.         0.        ]"
Gladkiy,"[0.00555556 0.         0.         0.         0.         0.
 0.         0.         0.        ]"
Kryvtsov,"[0.63333333 0.         0.         0.         0.         0.
 0.06666667 0.         0.        ]"
Ilsinho,"[0.11111111 0.         0.         0.         0.         0.
 0.         0.         0.        ]"
Dentinho,"[0.02962963 0.         0.         0.         0.         0.
 0.         0.         0.04761905]"
Mircea Lucescu,[0. 0. 0. 0. 0. 0. 0. 0. 0.]
"Courtois
 (GK)",[1.     0.     0.     0.     0.     0.     0.0125 0.     0.    ]
Ivanović,"[1.         0.01785714 0.         0.25       0.         0.01470588
 0.05       0.10714286 0.03571429]"
Fàbregas,"[0.97777778 0.03571429 0.         0.         0.         0.02941176
 0.16666667 0.14285714 0.        ]"
Ramires,[1. 0. 0. 0. 0. 0. 0. 0. 0.]
Oscar,"[0.23333333 0.01785714 0.0625     0.         0.         0.
 0.025      0.03571429 0.        ]"
E. Hazard,"[0.92592593 0.10714286 0.08333333 0.16666667 0.05555556 0.04901961
 0.1        0.07142857 0.02380952]"
Diego Costa,"[0.84222222 0.11428571 0.3        0.2        0.13333333 0.02352941
 0.02       0.14285714 0.11428571]"
Matić,"[0.7047619  0.         0.         0.         0.         0.00840336
 0.15714286 0.10204082 0.        ]"
Cahill,"[0.66666667 0.         0.         0.16666667 0.05555556 0.
 0.05       0.04761905 0.        ]"
Terry,[1. 0. 0. 0. 0. 0. 0. 0. 0.]
Azpilicueta,"[1.         0.01190476 0.         0.         0.         0.02941176
 0.2        0.11904762 0.        ]"
"Čech
 (GK)",[0.2 0.  0.  0.  0.  0.  0.  0.  0. ]
Filipe Luís,"[0.79481481 0.01428571 0.01666667 0.         0.02222222 0.14509804
 0.16       0.0952381  0.        ]"
Zouma,"[0.03333333 0.         0.         0.         0.         0.
 0.         0.         0.        ]"
Drogba,"[0.02222222 0.         0.         0.         0.         0.
 0.         0.         0.        ]"
Rémy,[0.025 0.    0.    0.    0.    0.    0.    0.    0.   ]
Willian,"[0.89444444 0.11904762 0.125      0.16666667 0.05555556 0.18627451
 0.         0.14285714 0.        ]"
Cuadrado,"[0.46837607 0.06043956 0.07692308 0.07692308 0.02564103 0.07692308
 0.03846154 0.0989011  0.        ]"
José Mourinho,[0. 0. 0. 0. 0. 0. 0. 0. 0.]
Thiago Motta,"[0.85740741 0.03571429 0.         0.         0.05555556 0.
 0.03333333 0.11904762 0.        ]"
"Wellenreuther
 (GK)",[1. 0. 0. 0. 0. 0. 0. 0. 0.]
Höwedes,[1. 0. 0. 0. 0. 0. 0. 0. 0.]
Meyer,"[0.55555556 0.         0.         0.         0.16666667 0.
 0.         0.         0.        ]"
Höger,"[0.76111111 0.         0.         0.         0.         0.
 0.         0.         0.        ]"
Choupo-Moting,"[0.33055556 0.         0.         0.         0.         0.
 0.         0.         0.        ]"
Fuchs,"[0.83333333 0.04761905 0.         0.16666667 0.05555556 0.03921569
 0.06666667 0.07142857 0.        ]"
Huntelaar,"[0.17777778 0.         0.         0.125      0.         0.
 0.         0.01785714 0.        ]"
Barnetta,"[0.45       0.         0.         0.         0.16666667 0.
 0.         0.         0.        ]"
Nastasić,"[1.         0.         0.         0.         0.         0.
 0.03333333 0.         0.        ]"
Matip,"[0.83333333 0.02597403 0.         0.         0.03030303 0.
 0.15454545 0.12987013 0.        ]"
Neustädter,"[0.81666667 0.         0.         0.         0.         0.
 0.         0.         0.        ]"
"Wetklo
 (GK)",[0. 0. 0. 0. 0. 0. 0. 0. 0.]
Goretzka,"[0.28333333 0.03571429 0.         0.         0.         0.
 0.05       0.         0.        ]"
Sané,"[0.71196581 0.07142857 0.07692308 0.38461538 0.1025641  0.14027149
 0.06153846 0.08791209 0.14285714]"
Uchida,[0.55 0.   0.   0.   0.   0.   0.   0.   0.  ]
Kaan Ayhan,[0. 0. 0. 0. 0. 0. 0. 0. 0.]
Sobottka,[0. 0. 0. 0. 0. 0. 0. 0. 0.]
Kehrer,"[0.59259259 0.         0.         0.         0.         0.
 0.03333333 0.04761905 0.        ]"
Roberto Di Matteo,[0. 0. 0. 0. 0. 0. 0. 0. 0.]
Tello,[0.95 0.   0.   0.   0.   0.   0.   0.   0.  ]
Gonçalo Paciência,"[0.0962963  0.         0.         0.         0.         0.
 0.         0.0952381  0.04761905]"
"Vaclík
 (GK)",[1. 0. 0. 0. 0. 0. 0. 0. 0.]
Samuel,[1. 0. 0. 0. 0. 0. 0. 0. 0.]
Zuffi,[0.75  0.    0.    0.    0.    0.    0.025 0.    0.   ]
Streller,[0.85 0.   0.   0.   0.   0.   0.   0.   0.  ]
Gashi,"[0.88888889 0.         0.         0.         0.         0.
 0.         0.         0.        ]"
Schär,"[0.63333333 0.         0.         0.         0.         0.
 0.         0.         0.        ]"
Safari,[1. 0. 0. 0. 0. 0. 0. 0. 0.]
F. Frei,"[0.925      0.         0.         0.         0.08333333 0.
 0.2        0.07142857 0.        ]"
González,"[0.69166667 0.03571429 0.         0.25       0.         0.05882353
 0.         0.14285714 0.        ]"
Elneny,"[0.75       0.05357143 0.0625     0.25       0.         0.02941176
 0.075      0.10714286 0.        ]"
Xhaka,"[1.         0.01428571 0.05       0.         0.         0.03529412
 0.06       0.17142857 0.02857143]"
"Vailati
 (GK)",[0. 0. 0. 0. 0. 0. 0. 0. 0.]
Traoré,"[0.18412698 0.01020408 0.03571429 0.         0.         0.03361345
 0.01428571 0.02040816 0.        ]"
P. Degen,[0. 0. 0. 0. 0. 0. 0. 0. 0.]
Arlind Ajeti,[0. 0. 0. 0. 0. 0. 0. 0. 0.]
Kakitani,[0.3 0.  0.  0.  0.  0.  0.  0.  0. ]
Embolo,"[0.47777778 0.         0.         0.         0.         0.01960784
 0.         0.04761905 0.        ]"
Callà,"[0.43333333 0.         0.         0.         0.         0.
 0.         0.         0.        ]"
Paulo Sousa,[0. 0. 0. 0. 0. 0. 0. 0. 0.]
Donati,[0. 0. 0. 0. 0. 0. 0. 0. 0.]
Rosický,"[0.08888889 0.         0.         0.         0.         0.
 0.         0.         0.        ]"
Oxlade-Chamberlain,"[0.49444444 0.03571429 0.1        0.2        0.         0.04117647
 0.05       0.05714286 0.02857143]"
Diallo,"[0.28571429 0.         0.         0.         0.         0.01680672
 0.         0.02040816 0.        ]"
Cáceres,[0. 0. 0. 0. 0. 0. 0. 0. 0.]
Nuri Şahin,"[0.66666667 0.02380952 0.         0.         0.11111111 0.03921569
 0.1        0.0952381  0.        ]"
Piszczek,"[0.87111111 0.07142857 0.05       0.         0.06666667 0.07058824
 0.14       0.11428571 0.        ]"
Ginter,"[0.53333333 0.01428571 0.05       0.         0.         0.02352941
 0.06       0.02857143 0.        ]"
Clichy,"[0.99166667 0.         0.         0.         0.         0.10294118
 0.3        0.16071429 0.01785714]"
Mangala,"[0.54444444 0.         0.         0.         0.         0.
 0.04285714 0.04081633 0.02040816]"
Aogo,[1. 0. 0. 0. 0. 0. 0. 0. 0.]
Kirchhoff,"[0.36666667 0.         0.         0.         0.         0.
 0.         0.         0.        ]"
Platte,"[0.63333333 0.         0.         0.         0.         0.
 0.         0.         0.        ]"
Medrán,[0. 0. 0. 0. 0. 0. 0. 0. 0.]
Suchý,"[1.         0.         0.         0.         0.         0.
 0.23333333 0.14285714 0.        ]"
Delgado,[0. 0. 0. 0. 0. 0. 0. 0. 0.]
Hamoudi,"[0.07777778 0.         0.         0.         0.         0.
 0.         0.         0.        ]"
Marlos,"[0.68148148 0.07142857 0.08333333 0.         0.         0.15686275
 0.03333333 0.0952381  0.        ]"
Azevedo,[0. 0. 0. 0. 0. 0. 0. 0. 0.]
"Starke
 (GK)",[0. 0. 0. 0. 0. 0. 0. 0. 0.]
"Casilla
 (GK)",[0. 0. 0. 0. 0. 0. 0. 0. 0.]
Lucas Vázquez,"[0.34973545 0.02380952 0.02380952 0.         0.04761905 0.04761905
 0.02380952 0.08843537 0.01360544]"
Zinédine Zidane,[0. 0. 0. 0. 0. 0. 0. 0. 0.]
Fernández,"[0.57936508 0.03061224 0.03571429 0.         0.         0.00840336
 0.1        0.08163265 0.        ]"
Savić,"[0.63162393 0.01648352 0.         0.         0.         0.
 0.08461538 0.05494505 0.        ]"
Correa,"[0.34761905 0.07482993 0.11904762 0.04761905 0.01587302 0.0280112
 0.02380952 0.08163265 0.00680272]"
Thomas,"[0.2462963  0.00595238 0.02083333 0.         0.         0.01470588
 0.03333333 0.04761905 0.01190476]"
Kovačić,"[0.13986928 0.00420168 0.         0.         0.         0.00346021
 0.03529412 0.05882353 0.        ]"
Mayoral,[0. 0. 0. 0. 0. 0. 0. 0. 0.]
De Bruyne,"[0.80512821 0.12637363 0.21153846 0.15384615 0.1025641  0.28959276
 0.09230769 0.08791209 0.        ]"
Otamendi,"[0.75111111 0.02857143 0.         0.         0.         0.
 0.18       0.13333333 0.00952381]"
Sterling,"[0.73675214 0.08791209 0.17307692 0.30769231 0.1025641  0.09049774
 0.06153846 0.0989011  0.0989011 ]"
Delph,"[0.21616162 0.00649351 0.         0.         0.         0.00534759
 0.02727273 0.02597403 0.        ]"
Iheanacho,"[0.12222222 0.         0.         0.         0.         0.00840336
 0.01428571 0.         0.        ]"
"Ulreich
 (GK)","[0.33333333 0.         0.         0.         0.         0.
 0.         0.         0.        ]"
Tasci,[0. 0. 0. 0. 0. 0. 0. 0. 0.]
Kimmich,"[0.58104575 0.02521008 0.02941176 0.11764706 0.01960784 0.1349481
 0.08823529 0.05042017 0.01680672]"
Vietto,"[0.0968254  0.01020408 0.03571429 0.         0.         0.
 0.         0.         0.02040816]"
Kranevitter,"[0.02380952 0.07142857 0.07142857 0.         0.04761905 0.07563025
 0.12857143 0.14285714 0.06122449]"
"Ederson
 (GK)","[0.85714286 0.         0.         0.         0.02380952 0.
 0.00714286 0.         0.        ]"
Fejsa,"[1.         0.         0.         0.         0.         0.
 0.175      0.35714286 0.        ]"
Lindelöf,"[0.91666667 0.01785714 0.02083333 0.         0.         0.00490196
 0.13333333 0.08333333 0.        ]"
Salvio,"[0.54666667 0.04285714 0.         0.         0.         0.07058824
 0.08       0.11428571 0.05714286]"
Eliseu,"[0.9962963  0.07142857 0.04166667 0.         0.05555556 0.05882353
 0.08333333 0.11904762 0.        ]"
Pizzi,"[0.87407407 0.02380952 0.04166667 0.         0.         0.26470588
 0.1        0.14285714 0.0952381 ]"
Jardel,"[0.6        0.01428571 0.         0.         0.         0.
 0.18       0.11428571 0.        ]"
André Almeida,"[0.8        0.04285714 0.05       0.         0.         0.14117647
 0.12       0.34285714 0.        ]"
Carcela,"[0.60555556 0.03571429 0.         0.         0.         0.11764706
 0.05       0.14285714 0.        ]"
Renato Sanches,"[0.47407407 0.03174603 0.         0.         0.         0.01960784
 0.07777778 0.12698413 0.        ]"
"Paulo Lopes
 (GK)",[0. 0. 0. 0. 0. 0. 0. 0. 0.]
Luisão,"[0.66666667 0.07142857 0.08333333 0.         0.11111111 0.
 0.23333333 0.04761905 0.        ]"
Samaris,"[0.47037037 0.01190476 0.04166667 0.         0.         0.
 0.13333333 0.14285714 0.        ]"
Gonçalo Guedes,"[0.11851852 0.02380952 0.         0.         0.         0.
 0.03333333 0.04761905 0.        ]"
Talisca,"[0.26296296 0.10714286 0.125      0.33333333 0.         0.00980392
 0.01666667 0.02380952 0.02380952]"
Jović,"[0.02222222 0.07142857 0.25       0.         0.         0.
 0.         0.         0.        ]"
Semedo,"[0.56428571 0.01020408 0.01785714 0.         0.         0.03361345
 0.09285714 0.15306122 0.01020408]"
Rui Vitória,[0. 0. 0. 0. 0. 0. 0. 0. 0.]
Douglas,[0. 0. 0. 0. 0. 0. 0. 0. 0.]
Munir,[0. 0. 0. 0. 0. 0. 0. 0. 0.]
"Benaglio
 (GK)",[1. 0. 0. 0. 0. 0. 0. 0. 0.]
Vieirinha,"[0.74166667 0.07142857 0.0625     0.         0.08333333 0.11764706
 0.1        0.17857143 0.        ]"
Draxler,"[0.70111111 0.08571429 0.1        0.2        0.03333333 0.09411765
 0.12       0.11428571 0.01428571]"
Henrique,"[0.425      0.07142857 0.125      0.         0.08333333 0.02941176
 0.05       0.10714286 0.03571429]"
Schürrle,"[0.54814815 0.10714286 0.08333333 0.16666667 0.         0.02941176
 0.03333333 0.11904762 0.02380952]"
Luiz Gustavo,"[1.         0.10714286 0.1875     0.         0.         0.
 0.2        0.32142857 0.        ]"
Guilavogui,"[0.96296296 0.07142857 0.08333333 0.         0.         0.03921569
 0.23333333 0.23809524 0.        ]"
Naldo,"[1.         0.         0.         0.         0.         0.
 0.2        0.07142857 0.07142857]"
Arnold,"[0.98055556 0.05357143 0.0625     0.25       0.         0.04411765
 0.05       0.25       0.        ]"
Rodríguez,"[1.         0.05357143 0.0625     0.25       0.         0.14705882
 0.175      0.17857143 0.03571429]"
"Casteels
 (GK)",[0.5 0.  0.  0.  0.  0.  0.  0.  0. ]
Schäfer,"[0.03055556 0.         0.         0.         0.         0.
 0.         0.         0.        ]"
Caligiuri,"[0.44074074 0.02380952 0.         0.         0.         0.11764706
 0.06666667 0.14285714 0.04761905]"
Kruse,"[0.675      0.125      0.1875     0.25       0.         0.10294118
 0.         0.03571429 0.        ]"
Dost,"[0.05555556 0.         0.         0.         0.         0.
 0.         0.         0.        ]"
Träsch,"[0.52777778 0.05357143 0.0625     0.         0.08333333 0.07352941
 0.05       0.10714286 0.        ]"
Knoche,"[0.5        0.01785714 0.         0.         0.         0.
 0.125      0.         0.        ]"
Dieter Hecking,[0. 0. 0. 0. 0. 0. 0. 0. 0.]
"Trapp
 (GK)",[0.75   0.     0.     0.     0.     0.     0.0125 0.     0.    ]
Di María,"[0.77222222 0.16428571 0.2        0.1        0.13333333 0.37058824
 0.05       0.1        0.05714286]"
Aurier,"[0.58888889 0.         0.         0.         0.04166667 0.08088235
 0.1375     0.08928571 0.        ]"
Stambouli,"[0.2        0.01428571 0.         0.         0.         0.
 0.12       0.11428571 0.        ]"
Ongenda,[0. 0. 0. 0. 0. 0. 0. 0. 0.]
Augustin,[0. 0. 0. 0. 0. 0. 0. 0. 0.]
Ascues,[0. 0. 0. 0. 0. 0. 0. 0. 0.]
Gaitán,"[0.40493827 0.03968254 0.05555556 0.11111111 0.07407407 0.13071895
 0.04444444 0.04761905 0.        ]"
Mitroglou,"[0.81111111 0.07142857 0.05       0.2        0.         0.02352941
 0.02       0.2        0.08571429]"
Jonas,"[0.80277778 0.         0.         0.25       0.         0.
 0.         0.03571429 0.03571429]"
Lisandro López,[0. 0. 0. 0. 0. 0. 0. 0. 0.]
Aleix Vidal,"[0.13888889 0.         0.         0.         0.         0.01470588
 0.075      0.03571429 0.        ]"
Iwobi,"[0.77222222 0.03571429 0.         0.         0.         0.
 0.05       0.07142857 0.        ]"
"Macey
 (GK)",[0. 0. 0. 0. 0. 0. 0. 0. 0.]
Campbell,[0. 0. 0. 0. 0. 0. 0. 0. 0.]
Hernanes,"[0.74444444 0.03571429 0.         0.         0.         0.05882353
 0.15       0.07142857 0.        ]"
"Neto
 (GK)",[0. 0. 0. 0. 0. 0. 0. 0. 0.]
Zaza,[0. 0. 0. 0. 0. 0. 0. 0. 0.]
Asamoah,"[0.1020202  0.         0.         0.         0.         0.01604278
 0.01818182 0.         0.        ]"
Rugani,"[0.18181818 0.         0.         0.         0.         0.
 0.03636364 0.02597403 0.        ]"
"Zoet
 (GK)",[1. 0. 0. 0. 0. 0. 0. 0. 0.]
Isimat-Mirin,"[0.63888889 0.         0.         0.         0.         0.
 0.15       0.07142857 0.        ]"
Moreno,"[0.27777778 0.02597403 0.02272727 0.         0.         0.01069519
 0.07272727 0.02597403 0.        ]"
Arias,"[0.71388889 0.03571429 0.         0.         0.         0.05882353
 0.25       0.10714286 0.        ]"
Bruma,"[1.         0.         0.         0.         0.         0.
 0.175      0.07142857 0.        ]"
Pröpper,"[1.         0.03571429 0.125      0.         0.         0.14705882
 0.15       0.28571429 0.        ]"
L. de Jong,"[0.2        0.07142857 0.25       0.         0.         0.
 0.1        0.71428571 0.        ]"
Willems,"[0.91666667 0.07142857 0.         0.         0.         0.20588235
 0.35       0.         0.        ]"
Guardado,"[0.91666667 0.03571429 0.         0.         0.         0.02941176
 0.35       0.14285714 0.        ]"
Locadia,"[0.96111111 0.07142857 0.125      0.         0.         0.05882353
 0.15       0.21428571 0.        ]"
Van Ginkel,"[1.         0.03571429 0.         0.         0.         0.05882353
 0.1        0.14285714 0.        ]"
"Pasveer
 (GK)",[0. 0. 0. 0. 0. 0. 0. 0. 0.]
Schaars,[0. 0. 0. 0. 0. 0. 0. 0. 0.]
Narsingh,"[0.38888889 0.         0.         0.         0.         0.
 0.         0.         0.        ]"
Lestienne,"[0.03888889 0.07142857 0.         0.         0.         0.02941176
 0.         0.         0.        ]"
Jozefzoon,[0. 0. 0. 0. 0. 0. 0. 0. 0.]
Brenet,"[0.08333333 0.07142857 0.         0.         0.         0.05882353
 0.05       0.         0.        ]"
Hendrix,"[0.08333333 0.         0.         0.         0.         0.02941176
 0.05       0.         0.        ]"
Phillip Cocu,[0. 0. 0. 0. 0. 0. 0. 0. 0.]
M. García,[0. 0. 0. 0. 0. 0. 0. 0. 0.]
"Shovkovskiy
 (GK)",[1. 0. 0. 0. 0. 0. 0. 0. 0.]
Miguel Veloso,"[0.82777778 0.10714286 0.         0.         0.         0.05882353
 0.2        0.35714286 0.        ]"
Antunes,"[1.         0.         0.         0.         0.         0.11764706
 0.1        0.14285714 0.        ]"
Dragović,"[1.         0.         0.         0.         0.         0.
 0.1        0.07142857 0.03571429]"
Yarmolenko,"[1.         0.10714286 0.25       0.         0.         0.32352941
 0.         0.07142857 0.07142857]"
Garmash,"[0.52777778 0.         0.         0.         0.         0.
 0.05       0.21428571 0.        ]"
Gusev,"[0.34444444 0.         0.         0.         0.         0.02941176
 0.1        0.         0.07142857]"
Vida,"[1.         0.         0.         0.         0.         0.03921569
 0.16666667 0.19047619 0.        ]"
Buyalskiy,"[1.         0.14285714 0.375      0.5        0.         0.02941176
 0.05       0.28571429 0.        ]"
Khacheridi,[1.   0.   0.   0.   0.   0.   0.25 0.   0.  ]
Teodorczyk,"[0.51111111 0.07142857 0.         0.         0.         0.
 0.1        0.         0.14285714]"
"Rudko
 (GK)",[0. 0. 0. 0. 0. 0. 0. 0. 0.]
Danilo Silva,"[0.36666667 0.03571429 0.         0.         0.         0.05882353
 0.05       0.07142857 0.07142857]"
Yakovenko,"[0.31111111 0.07142857 0.25       0.         0.         0.11764706
 0.         0.14285714 0.        ]"
Sydorchuk,"[0.28888889 0.         0.         0.         0.         0.
 0.         0.         0.        ]"
Korzun,[0. 0. 0. 0. 0. 0. 0. 0. 0.]
Makarenko,"[0.13333333 0.         0.         0.         0.         0.05882353
 0.         0.         0.        ]"
Serhiy Rebrov,[0. 0. 0. 0. 0. 0. 0. 0. 0.]
Mikel,"[1.         0.03571429 0.125      0.5        0.         0.
 0.05       0.35714286 0.        ]"
Kenedy,"[0.5        0.         0.         0.         0.         0.02941176
 0.2        0.         0.        ]"
"Begović
 (GK)",[0. 0. 0. 0. 0. 0. 0. 0. 0.]
Baba,"[0.5        0.         0.         0.         0.         0.08823529
 0.3        0.14285714 0.        ]"
Loftus-Cheek,[0. 0. 0. 0. 0. 0. 0. 0. 0.]
Guus Hiddink,[0. 0. 0. 0. 0. 0. 0. 0. 0.]
"Lodygin
 (GK)",[1. 0. 0. 0. 0. 0. 0. 0. 0.]
Anyukov,"[0.82222222 0.         0.         0.         0.         0.05882353
 0.4        0.14285714 0.        ]"
Lombaerts,"[1.         0.03571429 0.         0.         0.         0.
 0.3        0.         0.07142857]"
Hulk,"[1.         0.21428571 0.125      0.5        0.         0.58823529
 0.         0.07142857 0.28571429]"
Maurício,"[0.47222222 0.03571429 0.         0.         0.         0.
 0.1        0.21428571 0.        ]"
Kokorin,"[0.41111111 0.         0.         0.         0.         0.02941176
 0.1        0.21428571 0.        ]"
Danny,"[0.98333333 0.         0.         0.         0.         0.08823529
 0.05       0.14285714 0.14285714]"
Luís Neto,[0.5 0.  0.  0.  0.  0.  0.1 0.  0. ]
Dzyuba,"[0.91111111 0.17857143 0.25       0.         0.         0.
 0.1        0.14285714 0.28571429]"
Witsel,"[1.         0.08928571 0.1875     0.         0.         0.01470588
 0.175      0.17857143 0.        ]"
Zhirkov,"[0.55       0.03571429 0.         0.         0.16666667 0.17647059
 0.05       0.         0.        ]"
"M. Kerzhakov
 (GK)",[0. 0. 0. 0. 0. 0. 0. 0. 0.]
Yusupov,"[0.04444444 0.         0.         0.         0.         0.
 0.05       0.         0.        ]"
Shatov,"[0.62777778 0.         0.         0.         0.         0.02941176
 0.         0.14285714 0.07142857]"
Smolnikov,"[0.35555556 0.07142857 0.25       0.         0.         0.05882353
 0.2        0.14285714 0.        ]"
Garay,[0.5  0.   0.   0.   0.   0.   0.05 0.   0.  ]
Ivanov,[0. 0. 0. 0. 0. 0. 0. 0. 0.]
Dolgov,[0. 0. 0. 0. 0. 0. 0. 0. 0.]
André Villas-Boas,[0. 0. 0. 0. 0. 0. 0. 0. 0.]
Sílvio,[0. 0. 0. 0. 0. 0. 0. 0. 0.]
Rúben Dias,[0. 0. 0. 0. 0. 0. 0. 0. 0.]
Perotti,"[0.89365079 0.1122449  0.10714286 0.14285714 0.04761905 0.29411765
 0.12857143 0.08163265 0.04081633]"
Salah,"[0.86148148 0.21904762 0.28333333 0.4        0.11111111 0.07843137
 0.04       0.11428571 0.08571429]"
Pjanić,"[0.87986111 0.07142857 0.046875   0.         0.0625     0.21691176
 0.15625    0.17857143 0.00892857]"
Keita,"[0.97777778 0.         0.         0.         0.         0.
 0.         0.14285714 0.        ]"
El Shaarawy,"[0.41358025 0.03968254 0.05555556 0.         0.03703704 0.02614379
 0.02222222 0.04761905 0.        ]"
Florenzi,"[0.89444444 0.04285714 0.05       0.         0.         0.22352941
 0.23       0.14285714 0.        ]"
Manolas,"[1.         0.05       0.075      0.1        0.         0.
 0.11       0.01428571 0.        ]"
Zukanovic,"[1.         0.07142857 0.25       0.         0.         0.
 0.1        0.28571429 0.        ]"
Leandro Castán,[1. 0. 0. 0. 0. 0. 0. 0. 0.]
Totti,"[1.         0.03571429 0.         0.         0.         0.08823529
 0.         0.         0.        ]"
Falqué,[1. 0. 0. 0. 0. 0. 0. 0. 0.]
Vainqueur,"[0.92777778 0.03571429 0.         0.         0.         0.
 0.2        0.21428571 0.        ]"
"De Sanctis
 (GK)",[0. 0. 0. 0. 0. 0. 0. 0. 0.]
Torosidis,[0. 0. 0. 0. 0. 0. 0. 0. 0.]
Luciano Spalletti,[0. 0. 0. 0. 0. 0. 0. 0. 0.]
"Grün
 (GK)",[0. 0. 0. 0. 0. 0. 0. 0. 0.]
Putaro,[0. 0. 0. 0. 0. 0. 0. 0. 0.]
"Sels
 (GK)",[1. 0. 0. 0. 0. 0. 0. 0. 0.]
Matton,"[0.54444444 0.         0.         0.         0.         0.
 0.05       0.07142857 0.        ]"
Renato Neto,"[1.         0.         0.         0.         0.         0.
 0.25       0.28571429 0.        ]"
Kums,"[1.         0.10714286 0.125      0.5        0.         0.08823529
 0.05       0.35714286 0.        ]"
Dejaegere,"[1.         0.14285714 0.125      0.         0.16666667 0.08823529
 0.         0.57142857 0.        ]"
Asare,"[1.         0.03571429 0.125      0.         0.         0.02941176
 0.25       0.14285714 0.        ]"
L. Nielsen,"[1.         0.         0.         0.         0.         0.
 0.2        0.14285714 0.        ]"
Simon,"[0.72222222 0.07142857 0.125      0.         0.         0.14705882
 0.1        0.         0.14285714]"
Gershon,[0.5  0.   0.   0.   0.   0.   0.15 0.   0.  ]
Milicevic,"[0.83888889 0.07142857 0.         0.         0.         0.32352941
 0.1        0.         0.        ]"
"Thoelen
 (GK)",[0. 0. 0. 0. 0. 0. 0. 0. 0.]
K. Coulibaly,"[0.16666667 0.10714286 0.375      0.5        0.         0.
 0.         0.         0.07142857]"
Depoitre,"[0.2962963  0.02380952 0.         0.         0.         0.
 0.         0.04761905 0.04761905]"
Saief,"[0.28333333 0.03571429 0.         0.         0.16666667 0.11764706
 0.1        0.14285714 0.        ]"
Deaux,[0. 0. 0. 0. 0. 0. 0. 0. 0.]
Wikheim,[0. 0. 0. 0. 0. 0. 0. 0. 0.]
Foket,"[0.56666667 0.07142857 0.125      0.         0.         0.08823529
 0.1        0.07142857 0.        ]"
Hein Vanhaezebrouck,[0. 0. 0. 0. 0. 0. 0. 0. 0.]
Pereiro,"[1.         0.         0.         0.         0.         0.
 0.1        0.28571429 0.        ]"
Rybalka,"[1.         0.         0.         0.         0.         0.
 0.5        0.28571429 0.        ]"
Petrović,[0. 0. 0. 0. 0. 0. 0. 0. 0.]
Júnior Moraes,"[0.48888889 0.         0.         0.         0.         0.
 0.1        0.         0.        ]"
Dybala,"[0.76269841 0.05102041 0.05357143 0.28571429 0.         0.04201681
 0.01428571 0.07142857 0.        ]"
Rüdiger,"[1.         0.07142857 0.         0.         0.         0.01960784
 0.13333333 0.38095238 0.04761905]"
Nainggolan,"[0.96296296 0.1547619  0.20833333 0.16666667 0.05555556 0.12745098
 0.03333333 0.16666667 0.04761905]"
De Rossi,"[0.92962963 0.02380952 0.02777778 0.22222222 0.03703704 0.
 0.12222222 0.07936508 0.        ]"
S. Mitrović,[1.  0.  0.  0.  0.  0.  0.3 0.  0. ]
"Vandenbussche
 (GK)",[0. 0. 0. 0. 0. 0. 0. 0. 0.]
Jung,"[1.         0.         0.         0.         0.         0.17647059
 0.         0.14285714 0.        ]"
"Klinger
 (GK)",[0. 0. 0. 0. 0. 0. 0. 0. 0.]
Azzaoui,[0. 0. 0. 0. 0. 0. 0. 0. 0.]
Miazga,[0. 0. 0. 0. 0. 0. 0. 0. 0.]
"Júlio César
 (GK)","[0.33333333 0.         0.         0.         0.         0.
 0.         0.         0.        ]"
Criscito,"[1.         0.07142857 0.         0.         0.         0.23529412
 0.1        0.42857143 0.        ]"
Javi García,"[1.         0.         0.         0.         0.         0.
 0.2        0.42857143 0.14285714]"
Higuaín,"[0.97777778 0.22727273 0.38636364 0.27272727 0.06060606 0.03743316
 0.04545455 0.15584416 0.11688312]"
Lemina,"[0.1        0.01785714 0.         0.         0.         0.
 0.025      0.03571429 0.        ]"
Asensio,"[0.36349206 0.08673469 0.125      0.35714286 0.04761905 0.10084034
 0.03571429 0.04081633 0.04081633]"
Gameiro,"[0.45       0.07142857 0.125      0.25       0.08333333 0.
 0.05       0.10714286 0.03571429]"
Rincón,"[0.06666667 0.         0.         0.         0.         0.
 0.02       0.11428571 0.        ]"
Jemerson,"[1.         0.02857143 0.         0.         0.         0.
 0.16       0.11428571 0.        ]"
Falcao,"[0.93777778 0.24285714 0.3        0.4        0.         0.01176471
 0.08       0.22857143 0.05714286]"
Bakayoko,"[0.76296296 0.03571429 0.04166667 0.16666667 0.         0.01960784
 0.18333333 0.16666667 0.        ]"
Sidibé,"[1.         0.05357143 0.         0.         0.         0.17647059
 0.1        0.32142857 0.03571429]"
B. Mendy,"[0.90666667 0.04285714 0.1        0.         0.06666667 0.29411765
 0.14       0.25714286 0.        ]"
Glik,"[1.         0.04285714 0.         0.         0.         0.01176471
 0.24       0.14285714 0.02857143]"
Mbappé,"[0.96222222 0.19285714 0.425      0.6        0.03333333 0.07647059
 0.04       0.02857143 0.17142857]"
Jorge,[1. 0. 0. 0. 0. 0. 0. 0. 0.]
Carrillo,"[0.62777778 0.         0.         0.         0.         0.
 0.         0.         0.        ]"
Lemar,"[0.74166667 0.05357143 0.03125    0.         0.16666667 0.25735294
 0.1        0.08928571 0.        ]"
Cardona,[0. 0. 0. 0. 0. 0. 0. 0. 0.]
Alberto Rodríguez,[0. 0. 0. 0. 0. 0. 0. 0. 0.]
N'Doram,[0. 0. 0. 0. 0. 0. 0. 0. 0.]
"Bürki
 (GK)",[1. 0. 0. 0. 0. 0. 0. 0. 0.]
Guerreiro,"[0.57037037 0.01190476 0.         0.         0.         0.21568627
 0.03333333 0.07142857 0.04761905]"
Weigl,"[1.         0.04285714 0.05       0.         0.         0.03529412
 0.08       0.08571429 0.        ]"
Durm,"[0.76666667 0.02380952 0.         0.         0.11111111 0.05882353
 0.1        0.0952381  0.14285714]"
Dembélé,"[0.55686275 0.09663866 0.08823529 0.17647059 0.01960784 0.10726644
 0.03529412 0.11764706 0.04201681]"
Pulišić,"[0.50925926 0.10714286 0.20833333 0.16666667 0.05555556 0.09803922
 0.05       0.07142857 0.        ]"
Merino,[0. 0. 0. 0. 0. 0. 0. 0. 0.]
Thomas Tuchel,[0. 0. 0. 0. 0. 0. 0. 0. 0.]
Umtiti,"[0.57142857 0.00510204 0.         0.         0.         0.00420168
 0.12142857 0.1122449  0.        ]"
"Cillessen
 (GK)",[0. 0. 0. 0. 0. 0. 0. 0. 0.]
Denis Suárez,"[0.00925926 0.         0.         0.         0.         0.00980392
 0.         0.04761905 0.        ]"
Alcácer,"[0.17638889 0.02678571 0.0625     0.         0.         0.
 0.         0.         0.03571429]"
André Gomes,"[0.2125     0.00892857 0.03125    0.         0.         0.00735294
 0.0375     0.08928571 0.        ]"
Aleñá,[0. 0. 0. 0. 0. 0. 0. 0. 0.]
"Schmeichel
 (GK)","[1.         0.         0.         0.         0.         0.
 0.         0.03571429 0.        ]"
Drinkwater,"[0.81333333 0.08571429 0.05       0.         0.06666667 0.01176471
 0.2        0.08571429 0.        ]"
Morgan,"[0.97777778 0.02380952 0.08333333 0.33333333 0.         0.
 0.03333333 0.0952381  0.        ]"
Vardy,"[0.96388889 0.125      0.1875     0.5        0.         0.05882353
 0.025      0.14285714 0.10714286]"
Albrighton,"[0.99444444 0.05357143 0.0625     0.25       0.         0.23529412
 0.05       0.07142857 0.        ]"
Simpson,"[1.         0.01785714 0.         0.         0.         0.01470588
 0.2        0.03571429 0.        ]"
Okazaki,"[0.43333333 0.07142857 0.0625     0.         0.         0.01470588
 0.05       0.14285714 0.        ]"
Ndidi,"[1.         0.03571429 0.0625     0.         0.         0.
 0.275      0.17857143 0.        ]"
Mahrez,"[0.62361111 0.03571429 0.03125    0.         0.04166667 0.13235294
 0.0125     0.125      0.        ]"
Benalouane,"[0.5037037  0.         0.         0.         0.         0.
 0.13333333 0.14285714 0.        ]"
"Zieler
 (GK)",[0. 0. 0. 0. 0. 0. 0. 0. 0.]
Chilwell,"[0.12222222 0.05357143 0.         0.         0.         0.02941176
 0.         0.         0.        ]"
Musa,"[0.32222222 0.03571429 0.         0.         0.         0.02941176
 0.         0.         0.        ]"
King,"[0.12222222 0.         0.         0.         0.         0.01470588
 0.         0.         0.        ]"
Amartey,"[0.02222222 0.         0.         0.         0.         0.
 0.         0.         0.        ]"
Gray,"[0.08888889 0.01785714 0.         0.         0.         0.
 0.         0.         0.        ]"
Ulloa,"[0.16296296 0.         0.         0.         0.         0.
 0.         0.04761905 0.        ]"
Craig Shakespeare,[0. 0. 0. 0. 0. 0. 0. 0. 0.]
"André Moreira
 (GK)",[0. 0. 0. 0. 0. 0. 0. 0. 0.]
Cerci,[0. 0. 0. 0. 0. 0. 0. 0. 0.]
Huth,"[1.         0.02380952 0.         0.         0.         0.
 0.16666667 0.19047619 0.        ]"
Slimani,"[0.21666667 0.         0.         0.         0.         0.
 0.         0.14285714 0.07142857]"
Emre Mor,[0. 0. 0. 0. 0. 0. 0. 0. 0.]
Passlack,[0. 0. 0. 0. 0. 0. 0. 0. 0.]
Vrsaljko,"[1.         0.         0.         0.         0.16666667 0.20588235
 0.25       0.21428571 0.        ]"
Juan Moreno,[0. 0. 0. 0. 0. 0. 0. 0. 0.]
Baumgartlinger,"[0.5        0.03571429 0.         0.         0.         0.
 0.15       0.07142857 0.        ]"
Jedvaj,"[0.5        0.03571429 0.         0.         0.         0.
 0.1        0.07142857 0.        ]"
Volland,"[0.67777778 0.14285714 0.125      0.         0.         0.11764706
 0.         0.21428571 0.        ]"
"Özcan
 (GK)",[0. 0. 0. 0. 0. 0. 0. 0. 0.]
Bailey,"[0.08333333 0.10714286 0.125      0.         0.         0.
 0.         0.         0.        ]"
Mehmedi,[0.05 0.   0.   0.   0.   0.   0.   0.   0.  ]
Pohjanpalo,"[0.13333333 0.         0.         0.         0.         0.
 0.         0.         0.        ]"
Aránguiz,"[0.51111111 0.         0.         0.         0.         0.02941176
 0.1        0.14285714 0.        ]"
Da Costa,[0. 0. 0. 0. 0. 0. 0. 0. 0.]
Yurchenko,[0. 0. 0. 0. 0. 0. 0. 0. 0.]
Tayfun Korkut,[0. 0. 0. 0. 0. 0. 0. 0. 0.]
Stones,"[0.375      0.00892857 0.03125    0.125      0.         0.
 0.0125     0.         0.        ]"
Pjaca,"[0.37222222 0.07142857 0.125      0.5        0.         0.05882353
 0.         0.14285714 0.        ]"
Maxi Pereira,"[0.49861111 0.01785714 0.         0.         0.         0.02941176
 0.075      0.10714286 0.        ]"
André Silva,"[0.42222222 0.         0.         0.         0.         0.
 0.         0.07142857 0.        ]"
André André,"[0.56296296 0.04761905 0.         0.         0.         0.01960784
 0.1        0.28571429 0.        ]"
Layún,"[0.83333333 0.03571429 0.         0.         0.         0.17647059
 0.05       0.21428571 0.        ]"
Felipe,"[1.         0.04081633 0.         0.         0.         0.00840336
 0.27142857 0.12244898 0.02040816]"
Soares,"[0.83809524 0.15306122 0.10714286 0.14285714 0.04761905 0.02521008
 0.01428571 0.16326531 0.04081633]"
"José Sá
 (GK)",[0.25 0.   0.   0.   0.   0.   0.   0.   0.  ]
Boly,"[0.24444444 0.         0.         0.         0.         0.
 0.05       0.         0.        ]"
Diogo Jota,"[0.22222222 0.07142857 0.125      0.         0.         0.
 0.05       0.         0.        ]"
Otávio,"[0.5968254  0.03061224 0.03571429 0.         0.         0.05042017
 0.08571429 0.20408163 0.        ]"
Nuno Espírito Santo,[0. 0. 0. 0. 0. 0. 0. 0. 0.]
"Rico
 (GK)","[0.66666667 0.         0.         0.         0.         0.
 0.01666667 0.         0.        ]"
Iborra,"[0.65       0.03571429 0.         0.         0.         0.02941176
 0.05       0.21428571 0.        ]"
Ben Yedder,"[0.42777778 0.05952381 0.125      0.16666667 0.         0.
 0.         0.04761905 0.02380952]"
Nzonzi,"[0.88472222 0.07142857 0.0625     0.         0.         0.01470588
 0.1375     0.17857143 0.        ]"
Sarabia,"[0.88148148 0.1547619  0.125      0.33333333 0.05555556 0.23529412
 0.1        0.04761905 0.02380952]"
Escudero,"[1.         0.08333333 0.04166667 0.         0.11111111 0.18627451
 0.15       0.11904762 0.        ]"
Vitolo,"[0.71481481 0.0952381  0.08333333 0.         0.         0.1372549
 0.06666667 0.0952381  0.        ]"
Pareja,"[0.33333333 0.         0.         0.         0.         0.
 0.03333333 0.04761905 0.        ]"
Rami,"[1.         0.07142857 0.         0.         0.         0.05882353
 0.2        0.07142857 0.        ]"
Mercado,"[0.87777778 0.03571429 0.         0.         0.         0.01470588
 0.1        0.17857143 0.        ]"
"Soria
 (GK)","[0.33333333 0.         0.         0.         0.         0.
 0.         0.         0.        ]"
Mariano Ferreira,"[0.74444444 0.03571429 0.         0.         0.         0.20588235
 0.1        0.         0.        ]"
Jovetić,"[0.74444444 0.17857143 0.125      0.         0.16666667 0.05882353
 0.05       0.         0.        ]"
Vázquez,"[0.6462963  0.10714286 0.04166667 0.         0.         0.04901961
 0.         0.21428571 0.        ]"
Lenglet,"[0.88425926 0.04166667 0.02083333 0.         0.         0.
 0.11666667 0.13095238 0.        ]"
Jorge Sampaoli,[0. 0. 0. 0. 0. 0. 0. 0. 0.]
Cervi,"[0.58333333 0.07142857 0.125      0.         0.         0.02941176
 0.1        0.07142857 0.        ]"
André Horta,[0. 0. 0. 0. 0. 0. 0. 0. 0.]
Živković,"[0.17777778 0.         0.         0.         0.         0.05882353
 0.         0.         0.        ]"
Meunier,"[0.49777778 0.02857143 0.05       0.         0.06666667 0.05882353
 0.08       0.25714286 0.        ]"
"Areola
 (GK)","[0.33333333 0.         0.         0.         0.         0.
 0.         0.         0.        ]"
Krychowiak,[0. 0. 0. 0. 0. 0. 0. 0. 0.]
Ben Arfa,[0. 0. 0. 0. 0. 0. 0. 0. 0.]
Unai Emery,[0. 0. 0. 0. 0. 0. 0. 0. 0.]
Mustafi,"[1.         0.         0.         0.         0.         0.02941176
 0.2        0.21428571 0.        ]"
Lucas Pérez,"[1.         0.         0.         0.         0.         0.05882353
 0.         0.         0.        ]"
Hysaj,"[1.         0.         0.         0.         0.         0.08823529
 0.15       0.07142857 0.        ]"
Allan,"[0.39444444 0.         0.         0.         0.         0.
 0.         0.28571429 0.        ]"
Callejón,"[1.         0.03571429 0.         0.         0.         0.17647059
 0.05       0.07142857 0.07142857]"
Mertens,"[1.         0.21428571 0.25       0.5        0.         0.05882353
 0.         0.57142857 0.21428571]"
Hamšík,"[0.87777778 0.17857143 0.125      0.         0.33333333 0.02941176
 0.         0.         0.        ]"
Insigne,"[0.88888889 0.17857143 0.25       0.5        0.         0.11764706
 0.15       0.07142857 0.        ]"
Koulibaly,"[1.         0.03571429 0.         0.         0.         0.
 0.15       0.35714286 0.        ]"
Ghoulam,"[1.         0.03571429 0.         0.         0.         0.41176471
 0.05       0.14285714 0.        ]"
Albiol,"[1.         0.         0.         0.         0.         0.
 0.15       0.14285714 0.        ]"
Diawara,"[1.         0.         0.         0.         0.         0.
 0.15       0.14285714 0.        ]"
"Rafael Cabral
 (GK)",[0. 0. 0. 0. 0. 0. 0. 0. 0.]
Jorginho,[0. 0. 0. 0. 0. 0. 0. 0. 0.]
Maggio,[0. 0. 0. 0. 0. 0. 0. 0. 0.]
Maksimović,[0. 0. 0. 0. 0. 0. 0. 0. 0.]
Zieliński,"[0.5        0.         0.         0.         0.         0.
 0.05       0.07142857 0.        ]"
Rog,"[0.37777778 0.14285714 0.         0.         0.         0.
 0.         0.28571429 0.        ]"
Milik,[0.15 0.   0.   0.   0.   0.   0.   0.   0.  ]
Maurizio Sarri,[0. 0. 0. 0. 0. 0. 0. 0. 0.]
Alex Telles,"[1.         0.03571429 0.04166667 0.16666667 0.05555556 0.52941176
 0.23333333 0.11904762 0.04761905]"
Corona,"[0.74074074 0.07142857 0.04166667 0.         0.05555556 0.23529412
 0.1        0.04761905 0.        ]"
Daniel Carriço,"[0.12962963 0.         0.         0.         0.         0.
 0.03333333 0.04761905 0.        ]"
Claudio Ranieri,[0. 0. 0. 0. 0. 0. 0. 0. 0.]
Havertz,"[0.62222222 0.         0.         0.         0.         0.
 0.         0.         0.        ]"
Henrichs,"[1.         0.07142857 0.         0.         0.33333333 0.11764706
 0.3        0.14285714 0.        ]"
Caio Henrique,[0. 0. 0. 0. 0. 0. 0. 0. 0.]
Nolito,"[0.02       0.         0.         0.         0.         0.
 0.         0.02857143 0.02857143]"
Giaccherini,[0. 0. 0. 0. 0. 0. 0. 0. 0.]
Rafa Silva,"[0.74444444 0.14285714 0.         0.         0.         0.
 0.         0.         0.        ]"
Filipe Augusto,"[0.48888889 0.         0.         0.         0.         0.
 0.         0.28571429 0.        ]"
Nkunku,"[0.11666667 0.         0.         0.         0.         0.
 0.05       0.07142857 0.        ]"
Theo Hernández,[0. 0. 0. 0. 0. 0. 0. 0. 0.]
"Karius
 (GK)","[1.         0.         0.         0.         0.         0.
 0.01428571 0.         0.        ]"
Van Dijk,"[0.92307692 0.03296703 0.05769231 0.15384615 0.02564103 0.
 0.14615385 0.10989011 0.        ]"
Wijnaldum,"[0.78974359 0.04945055 0.07692308 0.15384615 0.02564103 0.00452489
 0.03076923 0.07692308 0.01098901]"
Lovren,"[0.66666667 0.01785714 0.         0.         0.02777778 0.00490196
 0.08333333 0.07142857 0.        ]"
Firmino,"[0.78290598 0.16483516 0.23076923 0.38461538 0.15384615 0.02262443
 0.02307692 0.12087912 0.04395604]"
Henderson,"[0.84017094 0.03296703 0.01923077 0.         0.02564103 0.04977376
 0.12307692 0.13186813 0.01098901]"
Mané,"[0.96825397 0.16836735 0.23214286 0.5        0.02380952 0.04201681
 0.05714286 0.21428571 0.14285714]"
Robertson,"[0.94166667 0.04166667 0.08333333 0.         0.         0.12254902
 0.09166667 0.0952381  0.        ]"
Alexander-Arnold,"[0.82222222 0.04081633 0.01785714 0.         0.04761905 0.27731092
 0.22142857 0.07142857 0.01020408]"
"Mignolet
 (GK)",[0. 0. 0. 0. 0. 0. 0. 0. 0.]
Clyne,[0.02 0.   0.   0.   0.   0.   0.   0.   0.  ]
Klavan,"[0.05777778 0.         0.         0.         0.         0.
 0.         0.05714286 0.        ]"
Lallana,"[0.28148148 0.01190476 0.         0.         0.         0.00980392
 0.01666667 0.02380952 0.04761905]"
Emre Can,"[0.63333333 0.01428571 0.         0.         0.         0.01176471
 0.12       0.17142857 0.02857143]"
Solanke,"[0.04888889 0.         0.         0.         0.         0.
 0.         0.05714286 0.        ]"
"Alisson Becker
 (GK)","[1.         0.         0.         0.         0.         0.
 0.00769231 0.         0.        ]"
Lorenzo Pellegrini,"[0.29166667 0.05357143 0.09375    0.         0.         0.06617647
 0.0375     0.07142857 0.        ]"
Schick,"[0.35079365 0.06122449 0.03571429 0.         0.         0.
 0.01428571 0.10204082 0.02040816]"
Fazio,"[1.         0.04081633 0.         0.         0.         0.05042017
 0.14285714 0.14285714 0.02040816]"
"Skorupski
 (GK)",[0. 0. 0. 0. 0. 0. 0. 0. 0.]
Juan Jesus,"[0.34305556 0.         0.         0.         0.         0.
 0.0375     0.08928571 0.        ]"
Cengiz Ünder,"[0.52666667 0.07142857 0.1        0.2        0.06666667 0.07058824
 0.04       0.02857143 0.08571429]"
Gonalons,"[0.20555556 0.01785714 0.         0.         0.         0.
 0.1        0.03571429 0.        ]"
Bruno Peres,"[0.20185185 0.         0.         0.         0.         0.00980392
 0.1        0.         0.        ]"
Gerson,"[0.09555556 0.04285714 0.1        0.         0.         0.
 0.         0.05714286 0.        ]"
Antonucci,"[0.16666667 0.         0.         0.         0.         0.05882353
 0.         0.         0.        ]"
Eusebio Di Francesco,[0. 0. 0. 0. 0. 0. 0. 0. 0.]
Ings,"[0.1        0.02380952 0.08333333 0.         0.05555556 0.
 0.01666667 0.02380952 0.02380952]"
Woodburn,[0. 0. 0. 0. 0. 0. 0. 0. 0.]
Ceballos,[0. 0. 0. 0. 0. 0. 0. 0. 0.]
Süle,"[1.         0.00892857 0.         0.         0.         0.00735294
 0.05       0.03571429 0.        ]"
Tolisso,"[0.26666667 0.05357143 0.0625     0.         0.08333333 0.01470588
 0.         0.07142857 0.        ]"
Wagner,"[1.         0.02380952 0.08333333 0.16666667 0.         0.00980392
 0.         0.07142857 0.        ]"
Mai,[0.5 0.  0.  0.  0.  0.  0.  0.  0. ]
Rudy,"[0.71428571 0.         0.         0.         0.         0.
 0.         0.         0.        ]"
Dorsch,[0. 0. 0. 0. 0. 0. 0. 0. 0.]
Jupp Heynckes,[0. 0. 0. 0. 0. 0. 0. 0. 0.]
Vallejo,"[0.2        0.         0.         0.         0.         0.
 0.         0.02857143 0.        ]"
Strootman,"[1.         0.04285714 0.05       0.         0.06666667 0.04705882
 0.1        0.34285714 0.        ]"
Banega,"[0.9962963  0.0952381  0.08333333 0.         0.         0.35294118
 0.06666667 0.19047619 0.        ]"
Muriel,"[0.53333333 0.16071429 0.25       0.         0.         0.
 0.025      0.03571429 0.03571429]"
Arana,[0. 0. 0. 0. 0. 0. 0. 0. 0.]
Ramírez,"[0.13703704 0.         0.         0.         0.         0.
 0.         0.         0.        ]"
Vincenzo Montella,[0. 0. 0. 0. 0. 0. 0. 0. 0.]
De Sciglio,"[0.65       0.02380952 0.         0.         0.         0.06862745
 0.06666667 0.11904762 0.        ]"
Paulinho,"[0.33611111 0.03571429 0.0625     0.         0.         0.01470588
 0.025      0.         0.        ]"
Ernesto Valverde,[0. 0. 0. 0. 0. 0. 0. 0. 0.]
Walker,"[0.875      0.01785714 0.         0.         0.         0.11029412
 0.0875     0.08928571 0.01785714]"
Laporte,"[0.85       0.02678571 0.         0.         0.         0.05882353
 0.1        0.07142857 0.        ]"
Jesus,"[0.58333333 0.07142857 0.125      0.5        0.         0.
 0.01666667 0.07142857 0.14285714]"
Zinchenko,"[0.40666667 0.         0.         0.         0.06666667 0.01176471
 0.1        0.08571429 0.        ]"
Foden,"[0.21296296 0.02380952 0.08333333 0.16666667 0.         0.
 0.         0.02380952 0.        ]"
Masterson,[0. 0. 0. 0. 0. 0. 0. 0. 0.]
Defrel,"[0.11111111 0.03571429 0.125      0.         0.         0.
 0.         0.         0.        ]"
Bentancur,"[0.48253968 0.04081633 0.         0.         0.         0.02521008
 0.08571429 0.14285714 0.        ]"
Kjær,[1.   0.   0.   0.   0.   0.   0.15 0.   0.  ]
Geis,"[0.00555556 0.         0.         0.         0.         0.
 0.         0.         0.        ]"
Alonso,"[1.         0.17857143 0.25       0.         0.         0.08823529
 0.15       0.35714286 0.        ]"
Kanté,"[1.         0.03571429 0.         0.         0.         0.
 0.4        0.14285714 0.        ]"
Moses,"[0.87222222 0.07142857 0.         0.         0.         0.05882353
 0.05       0.21428571 0.        ]"
A. Christensen,"[1.         0.         0.         0.         0.         0.
 0.1        0.14285714 0.        ]"
Zappacosta,"[0.12777778 0.03571429 0.125      0.         0.         0.02941176
 0.         0.         0.        ]"
Emerson,[0. 0. 0. 0. 0. 0. 0. 0. 0.]
Antonio Conte,[0. 0. 0. 0. 0. 0. 0. 0. 0.]
"Tolga Zengin
 (GK)",[0.5 0.  0.  0.  0.  0.  0.  0.  0. ]
Oğuzhan Özyakup,"[0.5        0.         0.         0.         0.         0.02941176
 0.1        0.21428571 0.        ]"
Mustafa Pektemek,"[1.         0.14285714 0.25       0.         0.         0.05882353
 0.1        0.28571429 0.14285714]"
Medel,"[0.97222222 0.03571429 0.         0.         0.         0.
 0.1        0.35714286 0.        ]"
Lens,"[0.33333333 0.07142857 0.125      0.         0.         0.
 0.         0.28571429 0.        ]"
Tolgay Arslan,"[0.36111111 0.         0.         0.         0.         0.
 0.1        0.14285714 0.        ]"
Necip Uysal,[1.  0.  0.  0.  0.  0.  0.1 0.  0. ]
Vágner Love,"[0.73333333 0.10714286 0.125      0.5        0.         0.05882353
 0.         0.07142857 0.        ]"
Gökhan Gönül,"[0.61666667 0.03571429 0.         0.         0.16666667 0.08823529
 0.15       0.07142857 0.14285714]"
Caner Erkin,"[0.88333333 0.03571429 0.         0.         0.         0.
 0.6        0.14285714 0.        ]"
"Fabri
 (GK)",[0.5 0.  0.  0.  0.  0.  0.  0.  0. ]
Babel,"[0.58333333 0.         0.         0.         0.         0.08823529
 0.         0.28571429 0.        ]"
Negredo,[0. 0. 0. 0. 0. 0. 0. 0. 0.]
Hutchinson,"[0.66666667 0.         0.         0.         0.         0.
 0.05       0.07142857 0.        ]"
Fatih Aksoy,[0. 0. 0. 0. 0. 0. 0. 0. 0.]
Şenol Güneş,[0. 0. 0. 0. 0. 0. 0. 0. 0.]
"De Gea
 (GK)",[1. 0. 0. 0. 0. 0. 0. 0. 0.]
Bailly,[0.6 0.  0.  0.  0.  0.  0.  0.  0. ]
R. Lukaku,"[0.66851852 0.10714286 0.125      0.33333333 0.         0.05882353
 0.         0.0952381  0.02380952]"
Smalling,"[1.         0.04285714 0.         0.         0.         0.
 0.16       0.22857143 0.02857143]"
Lingard,"[0.58444444 0.02857143 0.05       0.         0.         0.02352941
 0.02       0.14285714 0.        ]"
Young,"[0.99444444 0.01190476 0.         0.         0.         0.21568627
 0.18333333 0.14285714 0.02380952]"
Rashford,"[0.80925926 0.19047619 0.125      0.16666667 0.11111111 0.1372549
 0.05       0.16666667 0.07142857]"
A. Valencia,"[0.92777778 0.         0.         0.         0.         0.05882353
 0.2        0.21428571 0.        ]"
Fellaini,"[0.66666667 0.21428571 0.25       0.         0.         0.
 0.         0.28571429 0.        ]"
"Romero
 (GK)",[0. 0. 0. 0. 0. 0. 0. 0. 0.]
Mata,"[0.30444444 0.01428571 0.         0.         0.         0.08235294
 0.04       0.14285714 0.02857143]"
Darmian,[0. 0. 0. 0. 0. 0. 0. 0. 0.]
McTominay,"[0.8        0.02857143 0.05       0.         0.         0.02352941
 0.08       0.34285714 0.        ]"
Butko,"[1.         0.         0.         0.         0.         0.05882353
 0.1        0.07142857 0.        ]"
Bernard,"[1.         0.03571429 0.         0.         0.         0.17647059
 0.1        0.07142857 0.        ]"
Ordets,"[0.5        0.         0.         0.         0.         0.
 0.         0.14285714 0.        ]"
Ferreyra,"[1.         0.21428571 0.375      0.5        0.         0.
 0.         0.42857143 0.21428571]"
Ismaily,"[1.         0.         0.         0.         0.         0.11764706
 0.15       0.14285714 0.        ]"
"Kudryk
 (GK)",[0. 0. 0. 0. 0. 0. 0. 0. 0.]
Khocholava,[0. 0. 0. 0. 0. 0. 0. 0. 0.]
Alan Patrick,"[0.08888889 0.03571429 0.         0.         0.         0.
 0.         0.         0.        ]"
Petriak,[0. 0. 0. 0. 0. 0. 0. 0. 0.]
Zubkov,[0. 0. 0. 0. 0. 0. 0. 0. 0.]
Kovalenko,[0. 0. 0. 0. 0. 0. 0. 0. 0.]
Paulo Fonseca,[0. 0. 0. 0. 0. 0. 0. 0. 0.]
Adarabioyo,"[0.01111111 0.         0.         0.         0.         0.
 0.         0.         0.        ]"
Brahim Díaz,"[0.26666667 0.07142857 0.25       0.         0.         0.05882353
 0.         0.         0.14285714]"
Lacroix,"[1.         0.         0.         0.         0.         0.
 0.25       0.07142857 0.        ]"
M. Lang,"[1.         0.03571429 0.125      0.5        0.         0.08823529
 0.25       0.14285714 0.14285714]"
Oberlin,"[0.91111111 0.17857143 0.125      0.         0.         0.02941176
 0.         0.         0.07142857]"
Dié,"[1.         0.03571429 0.         0.         0.         0.
 0.25       0.35714286 0.        ]"
Elyounoussi,"[0.97222222 0.14285714 0.375      0.5        0.16666667 0.
 0.         0.14285714 0.14285714]"
Riveros,"[1.         0.10714286 0.125      0.         0.16666667 0.05882353
 0.15       0.07142857 0.07142857]"
Bua,"[0.40555556 0.         0.         0.         0.         0.
 0.05       0.07142857 0.14285714]"
"Salvi
 (GK)",[0. 0. 0. 0. 0. 0. 0. 0. 0.]
Van Wolfswinkel,"[0.08888889 0.         0.         0.         0.         0.
 0.         0.         0.        ]"
Stocker,"[0.51666667 0.07142857 0.         0.         0.         0.08823529
 0.15       0.         0.14285714]"
Al. Ajeti,"[0.10555556 0.         0.         0.         0.         0.
 0.         0.07142857 0.        ]"
Manzambi,[0. 0. 0. 0. 0. 0. 0. 0. 0.]
Petretta,[0. 0. 0. 0. 0. 0. 0. 0. 0.]
Kaiser,[0. 0. 0. 0. 0. 0. 0. 0. 0.]
Raphael Wicky,[0. 0. 0. 0. 0. 0. 0. 0. 0.]
"Lloris
 (GK)",[1. 0. 0. 0. 0. 0. 0. 0. 0.]
Trippier,"[0.72361111 0.         0.         0.         0.08333333 0.23529412
 0.1125     0.125      0.        ]"
Vertonghen,"[0.93703704 0.04761905 0.05555556 0.11111111 0.03703704 0.03267974
 0.15555556 0.12698413 0.        ]"
Sánchez,"[0.625      0.         0.         0.         0.         0.
 0.125      0.07142857 0.        ]"
Kane,"[0.92888889 0.2        0.4        0.4        0.         0.04705882
 0.04       0.14285714 0.05714286]"
Dier,"[0.39814815 0.02380952 0.04166667 0.         0.         0.01960784
 0.01666667 0.04761905 0.        ]"
Alli,"[0.96349206 0.12244898 0.14285714 0.         0.14285714 0.01680672
 0.07142857 0.10204082 0.02040816]"
Eriksen,"[0.99135802 0.23809524 0.16666667 0.11111111 0.07407407 0.20915033
 0.11111111 0.03174603 0.03174603]"
Davies,"[0.33       0.         0.         0.         0.         0.11764706
 0.04       0.11428571 0.        ]"
"Vorm
 (GK)",[0. 0. 0. 0. 0. 0. 0. 0. 0.]
Rose,"[0.54074074 0.03174603 0.05555556 0.         0.         0.11764706
 0.05555556 0.0952381  0.        ]"
Lamela,"[0.2462963  0.         0.         0.         0.         0.05882353
 0.01666667 0.02380952 0.        ]"
Wanyama,"[0.29012346 0.00793651 0.         0.         0.         0.
 0.04444444 0.11111111 0.        ]"
Sissoko,"[0.64938272 0.01587302 0.         0.         0.03703704 0.0130719
 0.06666667 0.17460317 0.        ]"
Mauricio Pochettino,[0. 0. 0. 0. 0. 0. 0. 0. 0.]
Gomez,"[0.34920635 0.01020408 0.         0.         0.         0.03361345
 0.08571429 0.04081633 0.        ]"
Waris,"[0.53333333 0.07142857 0.25       0.         0.         0.
 0.1        0.14285714 0.07142857]"
Dalot,"[0.54       0.02857143 0.         0.         0.         0.07058824
 0.06       0.05714286 0.05714286]"
Bruno Costa,"[0.32222222 0.         0.         0.         0.         0.
 0.025      0.03571429 0.        ]"
Sérgio Oliveira,"[0.65555556 0.10714286 0.         0.         0.         0.11764706
 0.05       0.07142857 0.        ]"
Luís Mata,[0. 0. 0. 0. 0. 0. 0. 0. 0.]
Sérgio Conceição,[0. 0. 0. 0. 0. 0. 0. 0. 0.]
Berchiche,"[1.         0.03571429 0.         0.         0.         0.08823529
 0.1        0.07142857 0.        ]"
Lo Celso,"[0.46666667 0.07142857 0.         0.         0.         0.
 0.         0.28571429 0.        ]"
L. Diarra,"[0.02777778 0.         0.         0.         0.         0.
 0.05       0.         0.        ]"
"Shevchenko
 (GK)",[0. 0. 0. 0. 0. 0. 0. 0. 0.]
Roque Mesa,[0. 0. 0. 0. 0. 0. 0. 0. 0.]
D. Tošić,"[0.36666667 0.         0.         0.         0.         0.
 0.1        0.         0.        ]"
Hudson-Odoi,[0. 0. 0. 0. 0. 0. 0. 0. 0.]
Hakimi,"[0.33333333 0.         0.         0.         0.         0.03921569
 0.         0.         0.        ]"
Marega,"[1.         0.26785714 0.5625     0.25       0.08333333 0.13235294
 0.         0.17857143 0.03571429]"
Osorio,[0. 0. 0. 0. 0. 0. 0. 0. 0.]
Bernardeschi,"[0.8        0.17142857 0.15       0.         0.06666667 0.12941176
 0.06       0.14285714 0.        ]"
Muratore,[0. 0. 0. 0. 0. 0. 0. 0. 0.]
"Gazzaniga
 (GK)",[0. 0. 0. 0. 0. 0. 0. 0. 0.]
Alderweireld,"[1.         0.06122449 0.03571429 0.         0.         0.00840336
 0.14285714 0.02040816 0.        ]"
Winks,"[0.81111111 0.03571429 0.         0.         0.         0.01470588
 0.075      0.         0.        ]"
Walker-Peters,[0. 0. 0. 0. 0. 0. 0. 0. 0.]
Foyth,"[0.18518519 0.         0.         0.         0.         0.01960784
 0.08333333 0.07142857 0.        ]"
"Kelleher
 (GK)",[0. 0. 0. 0. 0. 0. 0. 0. 0.]
Sturridge,"[0.01481481 0.         0.         0.         0.         0.
 0.01666667 0.         0.        ]"
Shaqiri,"[0.14285714 0.02040816 0.         0.         0.04761905 0.05042017
 0.         0.02040816 0.        ]"
Brewster,[0. 0. 0. 0. 0. 0. 0. 0. 0.]
Origi,"[0.32857143 0.03061224 0.10714286 0.28571429 0.         0.03361345
 0.01428571 0.10204082 0.02040816]"
"Onana
 (GK)",[1. 0. 0. 0. 0. 0. 0. 0. 0.]
De Ligt,"[1.         0.10714286 0.16666667 0.33333333 0.         0.00980392
 0.15       0.04761905 0.02380952]"
Van de Beek,"[1.         0.11904762 0.20833333 0.33333333 0.05555556 0.
 0.13333333 0.07142857 0.0952381 ]"
Tadić,"[1.         0.11904762 0.125      0.16666667 0.16666667 0.03921569
 0.         0.30952381 0.14285714]"
Mazraoui,"[0.65777778 0.04285714 0.         0.         0.         0.01176471
 0.22       0.14285714 0.02857143]"
Blind,"[1.         0.03571429 0.         0.         0.         0.00980392
 0.15       0.07142857 0.        ]"
Schöne,"[0.80740741 0.10714286 0.08333333 0.16666667 0.11111111 0.12745098
 0.13333333 0.21428571 0.02380952]"
F. de Jong,"[1.         0.02380952 0.         0.         0.         0.
 0.18333333 0.07142857 0.        ]"
Ziyech,"[0.99074074 0.38095238 0.41666667 0.5        0.11111111 0.25490196
 0.16666667 0.23809524 0.11904762]"
Dolberg,"[0.18518519 0.03571429 0.04166667 0.         0.         0.
 0.01666667 0.0952381  0.02380952]"
Tagliafico,"[1.         0.04285714 0.         0.         0.         0.04705882
 0.18       0.28571429 0.08571429]"
"Bruno Varela
 (GK)",[0. 0. 0. 0. 0. 0. 0. 0. 0.]
Veltman,"[0.57407407 0.03571429 0.08333333 0.         0.         0.04901961
 0.11666667 0.0952381  0.02380952]"
Sinkgraven,"[0.07777778 0.         0.         0.         0.         0.00980392
 0.         0.02380952 0.        ]"
Magallán,"[0.02222222 0.         0.         0.         0.         0.
 0.         0.         0.        ]"
D. De Wit,"[0.03777778 0.         0.         0.         0.         0.
 0.         0.         0.        ]"
Erik Ten Hag,[0. 0. 0. 0. 0. 0. 0. 0. 0.]
Skipp,[0. 0. 0. 0. 0. 0. 0. 0. 0.]
Coutinho,"[0.66481481 0.10714286 0.29166667 0.33333333 0.         0.11764706
 0.06666667 0.02380952 0.07142857]"
Arthur,"[0.51111111 0.         0.         0.         0.         0.
 0.02       0.05714286 0.        ]"
Malcom,"[0.01851852 0.         0.         0.         0.         0.
 0.         0.         0.        ]"
Keïta,"[0.52777778 0.08928571 0.0625     0.25       0.         0.
 0.075      0.10714286 0.        ]"
Neres,"[0.96444444 0.11428571 0.15       0.4        0.06666667 0.04705882
 0.06       0.17142857 0.17142857]"
Éder Militão,"[0.75833333 0.05357143 0.0625     0.25       0.         0.10294118
 0.15       0.25       0.        ]"
"Vaná
 (GK)",[0. 0. 0. 0. 0. 0. 0. 0. 0.]
André Pereira,"[0.05185185 0.         0.         0.         0.         0.
 0.         0.         0.        ]"
"Muric
 (GK)",[0. 0. 0. 0. 0. 0. 0. 0. 0.]
"Pinsoglio
 (GK)",[0. 0. 0. 0. 0. 0. 0. 0. 0.]
Kean,"[0.2        0.07142857 0.         0.         0.         0.
 0.03333333 0.0952381  0.        ]"
João Cancelo,"[0.58888889 0.         0.         0.         0.16666667 0.23529412
 0.025      0.03571429 0.        ]"
Spinazzola,"[0.18611111 0.         0.         0.         0.         0.11764706
 0.         0.         0.        ]"
Ekkelenkamp,"[0.08333333 0.03571429 0.125      0.         0.         0.
 0.         0.07142857 0.        ]"
Jones,"[0.33333333 0.         0.         0.         0.         0.
 0.1        0.         0.        ]"
Pereira,"[0.31481481 0.         0.         0.         0.         0.03921569
 0.         0.14285714 0.        ]"
Ole Gunnar Solskjær,[0. 0. 0. 0. 0. 0. 0. 0. 0.]
Shaw,"[1.         0.02380952 0.         0.         0.         0.07843137
 0.03333333 0.28571429 0.        ]"
Rojo,[0. 0. 0. 0. 0. 0. 0. 0. 0.]
Kristensen,[0. 0. 0. 0. 0. 0. 0. 0. 0.]
"Perin
 (GK)",[0. 0. 0. 0. 0. 0. 0. 0. 0.]
Diogo Leite,[0. 0. 0. 0. 0. 0. 0. 0. 0.]
"Lopes
 (GK)",[1. 0. 0. 0. 0. 0. 0. 0. 0.]
Denayer,"[1.         0.         0.         0.         0.         0.
 0.3        0.14285714 0.        ]"
Depay,"[0.90555556 0.10714286 0.         0.         0.         0.32352941
 0.05       0.14285714 0.        ]"
Dubois,"[1.         0.         0.         0.         0.         0.05882353
 0.15       0.28571429 0.        ]"
Fekir,"[1.         0.21428571 0.25       0.         0.         0.05882353
 0.         1.         0.14285714]"
Marçal,"[0.5        0.         0.         0.         0.         0.02941176
 0.15       0.14285714 0.        ]"
Mendy,"[0.92777778 0.         0.         0.         0.         0.08823529
 0.15       0.14285714 0.        ]"
Ndombélé,"[0.96666667 0.03571429 0.         0.         0.         0.02941176
 0.25       0.07142857 0.        ]"
Tousart,"[0.61666667 0.03571429 0.125      0.5        0.         0.
 0.15       0.07142857 0.        ]"
"Gorgelin
 (GK)",[0. 0. 0. 0. 0. 0. 0. 0. 0.]
Rafael,[0. 0. 0. 0. 0. 0. 0. 0. 0.]
Aouar,"[0.5        0.03571429 0.125      0.         0.         0.
 0.2        0.14285714 0.        ]"
Tete,[0. 0. 0. 0. 0. 0. 0. 0. 0.]
Cheikh,"[0.03333333 0.         0.         0.         0.         0.
 0.         0.         0.        ]"
Cornet,"[0.15       0.         0.         0.         0.         0.05882353
 0.         0.         0.07142857]"
Bruno Génésio,[0. 0. 0. 0. 0. 0. 0. 0. 0.]
Gnabry,"[1.         0.14285714 0.125      0.         0.         0.14705882
 0.05       0.14285714 0.        ]"
Jeong,[0. 0. 0. 0. 0. 0. 0. 0. 0.]
Niko Kovač,[0. 0. 0. 0. 0. 0. 0. 0. 0.]
Nicolussi,[0. 0. 0. 0. 0. 0. 0. 0. 0.]
Rodri,"[1.         0.07142857 0.         0.         0.         0.
 0.1        0.14285714 0.        ]"
"Adán
 (GK)",[0. 0. 0. 0. 0. 0. 0. 0. 0.]
N. Kalinić,[0. 0. 0. 0. 0. 0. 0. 0. 0.]
Mikel Carro,[0. 0. 0. 0. 0. 0. 0. 0. 0.]
Montero,[0. 0. 0. 0. 0. 0. 0. 0. 0.]
Humphreys,[0. 0. 0. 0. 0. 0. 0. 0. 0.]
"Fährmann
 (GK)",[1. 0. 0. 0. 0. 0. 0. 0. 0.]
McKennie,"[0.83888889 0.         0.         0.         0.         0.
 0.15       0.14285714 0.07142857]"
Serdar,"[1.         0.03571429 0.         0.         0.         0.
 0.05       0.14285714 0.        ]"
Bentaleb,"[1.         0.         0.         0.5        0.         0.05882353
 0.15       0.         0.        ]"
Konoplyanka,"[1.         0.         0.         0.         0.         0.11764706
 0.         0.         0.        ]"
Burgstaller,"[0.57777778 0.03571429 0.125      0.         0.         0.
 0.         0.07142857 0.        ]"
Oczipka,"[1.         0.         0.         0.         0.         0.23529412
 0.05       0.         0.        ]"
"Nübel
 (GK)",[0. 0. 0. 0. 0. 0. 0. 0. 0.]
Mendyl,"[0.45       0.         0.         0.         0.         0.02941176
 0.1        0.         0.        ]"
Matondo,[0. 0. 0. 0. 0. 0. 0. 0. 0.]
Kutucu,[0. 0. 0. 0. 0. 0. 0. 0. 0.]
Skrzybski,"[0.18888889 0.07142857 0.         0.         0.         0.
 0.05       0.         0.        ]"
Teuchert,"[0.12222222 0.         0.         0.         0.         0.
 0.         0.         0.        ]"
Domenico Tedesco,[0. 0. 0. 0. 0. 0. 0. 0. 0.]
Paredes,"[0.19444444 0.         0.         0.         0.         0.
 0.         0.07142857 0.        ]"
Dagba,[0.05 0.   0.   0.   0.   0.   0.   0.   0.  ]
Garner,[0. 0. 0. 0. 0. 0. 0. 0. 0.]
Chong,"[0.11111111 0.         0.         0.         0.         0.
 0.         0.14285714 0.        ]"
Gomes,[0. 0. 0. 0. 0. 0. 0. 0. 0.]
Greenwood,"[0.03333333 0.         0.         0.         0.         0.
 0.         0.14285714 0.        ]"
Adrián López,"[0.12222222 0.03571429 0.125      0.5        0.         0.
 0.         0.         0.        ]"
"Olsen
 (GK)",[0.5 0.  0.  0.  0.  0.  0.  0.  0. ]
Karsdorp,"[0.61111111 0.         0.         0.         0.         0.
 0.         0.14285714 0.        ]"
Zaniolo,"[0.98333333 0.17857143 0.375      0.5        0.         0.11764706
 0.05       0.21428571 0.        ]"
"Mirante
 (GK)",[0.5 0.  0.  0.  0.  0.  0.  0.  0. ]
Cristante,"[0.93333333 0.03571429 0.125      0.         0.         0.02941176
 0.05       0.14285714 0.        ]"
Santon,"[0.01666667 0.         0.         0.         0.         0.
 0.         0.         0.        ]"
Sancho,"[0.98888889 0.03571429 0.125      0.         0.         0.17647059
 0.         0.         0.07142857]"
Akanji,[1.  0.  0.  0.  0.  0.  0.1 0.  0. ]
Wolf,"[0.34444444 0.07142857 0.         0.         0.         0.20588235
 0.1        0.         0.        ]"
"Hitz
 (GK)",[0. 0. 0. 0. 0. 0. 0. 0. 0.]
Zagadou,"[0.42777778 0.03571429 0.125      0.         0.         0.
 0.         0.         0.        ]"
Delaney,"[0.58888889 0.03571429 0.125      0.         0.         0.02941176
 0.1        0.14285714 0.        ]"
Bruun Larsen,"[0.17222222 0.07142857 0.125      0.         0.         0.
 0.         0.         0.07142857]"
Lucien Favre,[0. 0. 0. 0. 0. 0. 0. 0. 0.]
Reguilón,"[1.         0.03571429 0.         0.         0.16666667 0.05882353
 0.2        0.21428571 0.        ]"
Vinícius Júnior,"[0.64444444 0.10714286 0.25       0.         0.16666667 0.
 0.05       0.14285714 0.        ]"
Valverde,"[0.03333333 0.         0.         0.         0.         0.
 0.         0.         0.        ]"
Santiago Solari,[0. 0. 0. 0. 0. 0. 0. 0. 0.]
Labyad,[0. 0. 0. 0. 0. 0. 0. 0. 0.]
Uth,"[0.97777778 0.07142857 0.         0.         0.         0.
 0.1        0.14285714 0.        ]"
Harit,"[0.02222222 0.         0.         0.         0.         0.
 0.         0.         0.        ]"
Terrier,"[0.84444444 0.14285714 0.25       0.         0.         0.05882353
 0.1        0.14285714 0.        ]"
Solet,[0. 0. 0. 0. 0. 0. 0. 0. 0.]
"Iñaki Peña
 (GK)",[0. 0. 0. 0. 0. 0. 0. 0. 0.]
Murillo,[0. 0. 0. 0. 0. 0. 0. 0. 0.]
Shabani,[0. 0. 0. 0. 0. 0. 0. 0. 0.]
Dahoud,"[1.         0.07142857 0.25       0.         0.         0.
 0.3        0.14285714 0.        ]"
Balerdi,[0. 0. 0. 0. 0. 0. 0. 0. 0.]
Philipp,[0. 0. 0. 0. 0. 0. 0. 0. 0.]
"Lamprou
 (GK)",[0. 0. 0. 0. 0. 0. 0. 0. 0.]
Mariano Díaz,"[0.1        0.         0.         0.         0.         0.
 0.         0.14285714 0.        ]"
Kluivert,[0. 0. 0. 0. 0. 0. 0. 0. 0.]
Diaby,[0. 0. 0. 0. 0. 0. 0. 0. 0.]
